height_diff,weight_diff,reach_diff,winner
-5.08,0,2.54,0
7.62,-13.16,12.7,1
2.54,0,-2.54,1
5.08,0,7.62,1
0,0,-5.08,0
7.62,0,17.78,1
0,0,-5.08,0
-10.16,0,-5.08,0
-7.62,0,-12.7,1
-2.54,0,0,0
0,0,5.08,0
-5.08,-11.79,0,0
-2.54,6.81,-7.62,0
-5.08,0,-7.62,1
-10.16,0,-15.24,0
2.54,0,12.7,1
-7.62,0,-2.54,0
-15.24,0,-2.54,0
0,0,-12.7,1
-2.54,0,7.62,0
0,0,25.4,1
-5.08,0,-2.54,1
2.54,0,7.62,0
7.62,0,5.08,1
-5.08,0,-2.54,1
0,0,5.08,0
-2.54,0,-5.08,0
-2.54,0,0,1
2.54,27.21,2.54,1
10.16,0,7.62,0
5.08,0,0,1
-5.08,0,-17.78,0
-2.54,0,-7.62,0
2.54,0,-2.54,1
7.62,0,12.7,1
5.08,0,7.62,0
-2.54,0,-5.08,1
-5.08,-10.43,0,1
-2.54,0,-5.08,1
-2.54,0,-12.7,0
2.54,0,2.54,1
0,0,5.08,0
-2.54,0,-12.7,1
7.62,0,10.16,1
-2.54,0,-2.54,1
2.54,0,5.08,1
-7.62,0,2.54,1
-7.62,0,0,0
-5.08,0,5.08,0
7.62,0,5.08,0
7.62,0,20.32,1
-5.08,0,0,1
0,0,5.08,1
2.54,0,7.62,0
-5.08,0,-22.86,1
2.54,0,2.54,1
-7.62,0,-7.62,0
0,0,-10.16,1
2.54,0,0,0
0,0,2.54,0
-2.54,0,5.08,0
-2.54,0,2.54,1
-10.16,0,2.54,0
5.08,0,10.16,1
0,0,5.08,1
-5.08,5.9,0,1
2.54,0,-2.54,1
-2.54,0,-15.24,1
-5.08,0,-17.78,0
10.16,0,-5.08,1
7.62,0,10.16,0
-2.54,0,5.08,1
-10.16,0,-7.62,1
-7.62,0,0,0
-5.08,0,-2.54,0
2.54,0,5.08,1
-7.62,0,5.08,1
-2.54,0,-10.16,0
2.54,0,5.08,1
-12.7,0,-10.16,1
-7.62,0,2.54,0
5.08,0,5.08,1
-2.54,0,0,0
-5.08,-4.54,-7.62,0
-2.54,0,2.54,0
7.62,0,5.08,1
10.16,0,20.32,1
0,0,7.62,0
15.24,0,7.62,0
-7.62,0,-15.24,1
-5.08,0,0,0
10.16,0,15.24,1
5.08,0,12.7,1
-2.54,0,7.62,1
-2.54,0,2.54,0
-5.08,26.76,-7.62,0
2.54,0,2.54,1
5.08,0,17.78,1
-7.62,0,2.54,1
2.54,0,-5.08,0
0,0,-15.24,0
-12.7,0,-22.86,0
7.62,0,5.08,0
0,0,-10.16,1
-5.08,6.8,-5.08,0
0,0,7.62,1
0,0,7.62,0
-7.62,0,-17.78,1
-7.62,0,0,0
5.08,0,12.7,0
-2.54,-9.07,-2.54,0
5.08,0,10.16,0
2.54,0,0,1
5.08,0,-5.08,1
15.24,0,10.16,0
-15.24,0,-7.62,1
-5.08,0,-10.16,1
7.62,0,5.08,1
-10.16,0,-2.54,1
2.54,0,5.08,1
2.54,0,7.62,0
-10.16,0,0,1
-7.62,0,0,1
10.16,0,2.54,1
5.08,0,-2.54,1
0,0,5.08,0
0,0,7.62,1
0,0,7.62,1
0,0,-2.54,0
-2.54,0,0,1
7.62,0,0,0
-5.08,0,-5.08,1
-2.54,0,-15.24,1
-7.62,0,-12.7,0
-5.08,0,-10.16,0
2.54,0,0,1
5.08,0,10.16,1
0,0,-2.54,1
-2.54,0,7.62,1
2.54,0,10.16,0
7.62,0,0,0
12.7,0,15.24,1
7.62,0,7.62,0
2.54,0,2.54,1
-2.54,0,2.54,0
-2.54,0,-7.62,0
-2.54,0,-7.62,1
10.16,0,12.7,0
0,9.08,5.08,1
0,0,-12.7,0
-7.62,0,-5.08,1
-2.54,0,-2.54,1
2.54,0,15.24,1
10.16,0,7.62,1
2.54,0,-10.16,1
-2.54,-4.54,-10.16,0
7.62,6.8,-7.62,0
10.16,0,-2.54,0
-15.24,4.53,-17.78,0
2.54,0,5.08,1
0,6.8,2.54,1
-7.62,0,-10.16,1
7.62,0,2.54,0
2.54,0,2.54,0
-2.54,0,2.54,0
-5.08,0.45,15.24,0
-7.62,0,-2.54,1
-5.08,0,-5.08,0
7.62,0,5.08,1
10.16,0,2.54,1
-2.54,0,0,0
-17.78,0,-17.78,1
2.54,0,-10.16,1
-7.62,0,-5.08,1
0,0,-7.62,1
-2.54,0,-10.16,0
0,-24.94,0,1
5.08,0,-5.08,0
-10.16,-6.35,-2.54,1
-10.16,0,-7.62,1
-5.08,0,-2.54,1
-2.54,0,-2.54,1
2.54,0,2.54,1
15.24,0,12.7,1
-2.54,0,0,0
10.16,4.54,-2.54,1
-5.08,-6.8,2.54,0
2.54,0,10.16,1
2.54,0,5.08,1
0,0,-10.16,0
0,-4.54,7.62,0
-12.7,0,-7.62,0
-5.08,0,2.54,1
-7.62,0,-2.54,0
5.08,4.54,5.08,1
5.08,0,-2.54,1
-5.08,0,-10.16,0
0,0,-10.16,0
2.54,0,0,1
-2.54,0,0,0
-2.54,4.54,10.16,1
2.54,0,-2.54,1
5.08,0,5.08,1
2.54,4.54,7.62,1
2.54,0,-2.54,0
10.16,0,2.54,1
12.7,0,15.24,0
0,0,2.54,0
10.16,0,5.08,1
2.54,0,-10.16,0
-10.16,0,0,1
-7.62,0,-2.54,0
-10.16,0,-10.16,1
10.16,0,2.54,1
2.54,0,-7.62,1
-5.08,0,-5.08,1
5.08,0,2.54,0
-5.08,0,2.54,0
7.62,0,-2.54,1
7.62,0,7.62,1
7.62,0,25.4,1
0,0,7.62,0
5.08,0,2.54,1
-7.62,0,2.54,0
-2.54,4.08,2.54,1
-2.54,0,10.16,1
-5.08,0,0,0
10.16,0,20.32,0
-2.54,0,-17.78,1
7.62,0,15.24,1
5.08,0,12.7,0
-2.54,0,-5.08,1
-10.16,0,-2.54,1
-5.08,0,-7.62,1
-2.54,0,2.54,0
7.62,0,-10.16,1
7.62,0,10.16,0
-12.7,6.35,-12.7,0
-5.08,0,-5.08,1
-15.24,8.62,-15.24,1
-2.54,0,2.54,1
0,0,-2.54,1
0,0,-2.54,0
10.16,0,15.24,1
2.54,0,5.08,1
5.08,0,10.16,0
-7.62,0,2.54,0
7.62,0,12.7,1
2.54,-6.8,7.62,1
5.08,0,0,1
5.08,0,7.62,1
-2.54,0,-2.54,1
7.62,4.54,10.16,1
0,0,2.54,1
0,0,12.7,1
-10.16,0,-10.16,1
-2.54,0,-7.62,1
7.62,0,10.16,1
0,0,5.08,0
10.16,0,-7.62,1
-2.54,0,-7.62,1
5.08,0,2.54,1
0,0,2.54,1
-5.08,0,-5.08,1
7.62,-11.34,0,1
0,10.88,0,1
2.54,0,-2.54,0
7.62,-6.8,15.24,0
2.54,0,-7.62,1
-5.08,0,2.54,1
2.54,0,2.54,1
-10.16,4.54,-2.54,0
0,0,-5.08,1
0,0,15.24,0
2.54,0,7.62,0
5.08,0,12.7,1
2.54,0,10.16,0
5.08,0,-5.08,1
2.54,0,-2.54,1
-10.16,0,-17.78,1
-2.54,0,-10.16,1
5.08,0,10.16,0
-5.08,0,0,1
7.62,6.8,12.7,1
0,0,-7.62,1
-5.08,0,0,1
5.08,0,2.54,0
2.54,0,-2.54,1
5.08,0,-10.16,1
-7.62,0,-5.08,0
0,0,7.62,1
5.08,0,2.54,0
0,0,5.08,0
7.62,0,17.78,1
-5.08,4.53,2.54,1
2.54,-4.53,-2.54,0
7.62,0,-2.54,1
-10.16,0,-10.16,0
-5.08,0,-17.78,1
12.7,0,15.24,1
2.54,0,2.54,1
20.32,0,7.62,0
2.54,0,12.7,1
-7.62,0,-5.08,0
-2.54,0,-2.54,1
0,0,-7.62,1
12.7,0,20.32,1
7.62,0,20.32,0
-5.08,0,5.08,0
-5.08,0,-2.54,0
5.08,3.17,10.16,1
2.54,0,12.7,0
-5.08,0,-15.24,0
2.54,0,-5.08,1
-2.54,0,-5.08,1
-2.54,0,-5.08,1
5.08,6.8,5.08,1
0,0,10.16,0
-10.16,0,0,1
5.08,3.18,0,1
-7.62,-4.54,-10.16,0
-12.7,0,-12.7,1
5.08,0,-5.08,1
0,0,5.08,0
-2.54,0,0,1
2.54,0,0,0
10.16,0,12.7,0
-12.7,0,-10.16,0
2.54,27.21,5.08,1
5.08,0,7.62,1
2.54,0,5.08,1
2.54,0,7.62,1
-2.54,0,0,0
2.54,0,5.08,1
0,0,2.54,1
-5.08,0,5.08,0
2.54,0,5.08,0
-2.54,0,-2.54,1
0,0,-10.16,1
-2.54,0,5.08,0
2.54,4.54,2.54,1
0,-4.54,-2.54,0
2.54,0,0,1
0,0,-5.08,0
5.08,0,7.62,1
7.62,0,2.54,0
-12.7,0,0,1
5.08,0,7.62,0
-2.54,0,-7.62,0
7.62,0,5.08,0
12.7,6.8,5.08,1
-2.54,0,-5.08,1
0,0,-2.54,1
2.54,0,2.54,0
5.08,0,-5.08,0
-2.54,0,7.62,1
-5.08,0,-17.78,1
5.08,0,10.16,0
0,0,15.24,0
-2.54,0,-5.08,1
0,0,5.08,0
-2.54,0,-7.62,0
2.54,0,-5.08,1
-7.62,0,-5.08,0
-17.78,0,-10.16,0
-7.62,0,7.62,0
-12.7,0,-2.54,1
2.54,0,2.54,0
2.54,0,0,0
5.08,0,2.54,0
7.62,5.44,5.08,1
-2.54,0,2.54,0
-5.08,0,2.54,0
5.08,0,10.16,1
5.08,0,2.54,1
7.62,0,15.24,1
-10.16,0,-7.62,1
-10.16,0,-5.08,1
-2.54,0,2.54,0
5.08,4.54,2.54,0
7.62,0,15.24,0
-5.08,0,-17.78,0
2.54,0,-7.62,0
-2.54,0,7.62,1
2.54,0,-20.32,1
-7.62,0,-2.54,1
2.54,0,7.62,1
0,0,10.16,1
7.62,0,2.54,0
2.54,0,7.62,1
5.08,0,-5.08,1
7.62,0,12.7,1
-2.54,0,-5.08,0
-2.54,0,2.54,1
0,0,5.08,1
0,0,-10.16,1
-5.08,0,-2.54,1
0,0,-2.54,1
-10.16,0,-7.62,0
2.54,0,-2.54,1
7.62,0,7.62,1
-7.62,0,0,0
2.54,0,-2.54,1
-2.54,0,2.54,0
7.62,0,10.16,1
-5.08,4.54,-5.08,1
-2.54,0,-10.16,1
5.08,4.54,10.16,1
0,0,-2.54,0
-5.08,0,-10.16,1
-7.62,-9.07,-10.16,0
-2.54,0,7.62,1
7.62,4.54,10.16,0
0,0,-5.08,1
7.62,0,2.54,1
-2.54,0,0,1
2.54,0,-2.54,1
5.08,0,0,0
0,0,5.08,0
5.08,0,-5.08,0
-2.54,0,2.54,1
2.54,0,5.08,0
2.54,0,12.7,1
-10.16,0,-10.16,0
-10.16,-7.25,-17.78,0
7.62,0,5.08,1
-2.54,0,2.54,1
-7.62,0,-10.16,0
-2.54,16.78,-2.54,0
-5.08,0,-15.24,0
-5.08,0,0,0
2.54,9.08,5.08,1
7.62,0,7.62,0
2.54,0,0,1
-2.54,-6.81,2.54,1
-2.54,0,-10.16,0
0,0,2.54,0
7.62,6.8,10.16,1
-5.08,0,-7.62,0
7.62,4.54,17.78,1
2.54,0,2.54,1
-10.16,0,-2.54,0
-10.16,0,0,1
0,0,2.54,0
-2.54,0,-2.54,0
12.7,0,20.32,1
2.54,0,7.62,1
7.62,0,2.54,0
-2.54,-3.63,-7.62,0
0,0,2.54,0
7.62,0,7.62,0
5.08,0,-5.08,1
-5.08,0,2.54,1
0,0,2.54,1
0,0,-5.08,0
-7.62,-3.17,-7.62,1
-12.7,0,-12.7,0
2.54,15.87,-2.54,1
-5.08,0,-7.62,1
-5.08,0,2.54,0
-7.62,0,-5.08,0
2.54,4.53,2.54,0
-2.54,-3.63,10.16,1
2.54,0,0,0
-2.54,-4.54,-2.54,1
-10.16,0,-2.54,1
5.08,0,-2.54,0
-10.16,0,-20.32,0
-5.08,0,0,0
-2.54,-0.45,10.16,1
-7.62,0,-2.54,0
2.54,0,2.54,1
7.62,0,-2.54,1
2.54,0,12.7,1
12.7,0,12.7,0
2.54,0,0,0
-7.62,0,-5.08,1
7.62,0,2.54,1
7.62,0,5.08,1
-2.54,0,-5.08,1
5.08,0,0,1
-10.16,0,-15.24,0
10.16,0,5.08,0
5.08,0,5.08,0
0,0,7.62,1
0,9.08,-2.54,0
-2.54,0,-7.62,1
2.54,0,2.54,1
7.62,0,20.32,1
5.08,-4.54,-10.16,0
2.54,6.8,10.16,0
2.54,0,0,0
-2.54,0,5.08,0
5.08,0,7.62,0
10.16,0,7.62,1
-10.16,-4.54,-15.24,0
-5.08,0,10.16,0
-7.62,0,0,0
5.08,0,2.54,1
-2.54,0,5.08,1
2.54,0,10.16,0
10.16,-6.8,12.7,0
-2.54,0,-7.62,1
-2.54,0,-7.62,0
2.54,0,7.62,1
0,0,-5.08,1
2.54,0,0,1
5.08,0,-5.08,1
7.62,0,-2.54,1
-2.54,-6.8,0,1
-5.08,0,-12.7,1
-5.08,0,-5.08,1
-5.08,0,-2.54,1
-2.54,0,-5.08,1
15.24,0,25.4,0
0,0,5.08,1
0,0,7.62,1
2.54,0,12.7,1
0,0,-2.54,1
0,0,-10.16,1
7.62,0,5.08,0
2.54,0,-2.54,0
12.7,-5.44,12.7,1
-5.08,0,-5.08,1
7.62,0,2.54,1
-5.08,0,-2.54,1
-2.54,-0.46,2.54,1
-7.62,0,-7.62,0
-5.08,0,7.62,0
5.08,0,-2.54,1
2.54,0,0,1
7.62,0,7.62,0
0,0,-2.54,1
0,1.36,7.62,1
-5.08,0,-5.08,0
-12.7,0,-17.78,1
-2.54,0,-10.16,1
2.54,0,-12.7,1
0,0,2.54,0
2.54,0,5.08,0
2.54,0,-5.08,0
7.62,0,7.62,1
5.08,0,7.62,0
10.16,0,15.24,0
5.08,0,2.54,0
-2.54,0,0,0
-2.54,0,7.62,0
-7.62,2.27,-10.16,1
-5.08,-4.54,-5.08,1
0,0,-7.62,1
5.08,0,12.7,0
2.54,0,5.08,1
2.54,0,2.54,1
-5.08,0,7.62,1
5.08,0,2.54,1
-5.08,0,-10.16,0
-7.62,-4.54,-10.16,0
0,0,2.54,0
2.54,27.21,5.08,0
-12.7,0,-2.54,0
-2.54,4.54,-2.54,0
0,0,-7.62,1
2.54,0,-2.54,0
5.08,0,12.7,1
2.54,0,5.08,0
-7.62,0,-25.4,1
7.62,0,5.08,1
10.16,4.54,-2.54,1
12.7,0,2.54,1
-10.16,0,-12.7,1
0,-0.45,-2.54,1
0,0,2.54,0
2.54,0,7.62,1
2.54,-4.53,-2.54,0
5.08,0,12.7,1
2.54,0,2.54,1
-5.08,0,-5.08,1
0,0,10.16,0
-5.08,0,-10.16,0
0,0,2.54,0
10.16,0,7.62,0
10.16,-0.46,12.7,1
-2.54,0,-15.24,0
-10.16,-4.54,0,0
7.62,0,5.08,1
0,0,2.54,0
-2.54,0,-5.08,0
-7.62,0,-10.16,1
7.62,0,20.32,1
-5.08,0,-7.62,0
-5.08,4.53,-5.08,0
-12.7,0,-22.86,1
10.16,4.54,12.7,0
-7.62,-9.08,-15.24,0
-5.08,9.08,2.54,0
12.7,0,7.62,0
-2.54,0,-2.54,1
0,0,-10.16,1
0,13.6,-7.62,0
2.54,0,17.78,0
-5.08,0,-5.08,1
0,6.8,-5.08,0
-15.24,0,-12.7,1
-7.62,0,7.62,0
-5.08,0,2.54,1
-10.16,0,0,1
-2.54,0,-7.62,0
2.54,0,2.54,0
2.54,0,5.08,1
7.62,4.53,-5.08,1
7.62,0,10.16,0
-7.62,0,-15.24,1
0,0,5.08,1
-5.08,0,-15.24,1
5.08,0,5.08,1
-5.08,0,2.54,1
-7.62,0,-5.08,1
2.54,0,2.54,1
-7.62,0,-2.54,1
-5.08,0,-2.54,1
0,0,-5.08,0
0,0,12.7,0
-5.08,0,-5.08,0
0,0,2.54,1
-12.7,0,-2.54,1
2.54,0,7.62,0
2.54,0,0,1
2.54,0,12.7,1
2.54,0,2.54,1
-2.54,0,-5.08,0
7.62,0,2.54,0
5.08,0,0,1
-2.54,16.78,5.08,1
15.24,0,-2.54,1
0,6.8,-2.54,1
2.54,0,-5.08,1
0,0,2.54,1
2.54,4.53,-5.08,1
-7.62,0,-15.24,1
10.16,13.6,5.08,0
-5.08,0,-10.16,1
-2.54,3.18,-22.86,0
-2.54,0,2.54,0
-5.08,0,-2.54,1
-7.62,0,-10.16,0
2.54,0,2.54,1
-5.08,0,2.54,1
-5.08,0,0,0
0,0,-2.54,1
-2.54,0,-2.54,0
-2.54,0,-5.08,1
10.16,0,20.32,1
0,-4.53,0,0
2.54,0,10.16,0
-5.08,0,-2.54,1
12.7,0,10.16,1
-7.62,0,-7.62,1
5.08,0,10.16,0
7.62,0,2.54,1
-10.16,0,-25.4,1
2.54,0,10.16,1
-12.7,0,-15.24,1
0,-9.08,2.54,0
-7.62,0,0,0
2.54,0,2.54,1
-7.62,0,2.54,0
5.08,0,7.62,1
-10.16,0,-2.54,0
-2.54,0,-5.08,0
0,4.54,10.16,1
0,6.8,2.54,1
2.54,0,0,1
0,0,-2.54,1
-2.54,0,-7.62,1
-7.62,4.54,-12.7,0
10.16,0,-2.54,1
5.08,0,0,0
5.08,0,15.24,1
-2.54,0,0,0
-7.62,0,-5.08,1
5.08,0,0,1
-10.16,0,0,1
-2.54,0,-10.16,1
5.08,0,5.08,1
2.54,0,0,0
2.54,0,-5.08,0
-2.54,0,5.08,1
7.62,0,5.08,0
7.62,0,-2.54,0
0,-2.27,-5.08,1
10.16,0,2.54,0
5.08,0,0,0
-5.08,0,2.54,0
5.08,-5.9,5.08,0
15.24,0,17.78,0
2.54,0,-2.54,0
7.62,0,-5.08,1
-2.54,4.54,5.08,1
0,0,10.16,0
2.54,4.54,10.16,1
-10.16,0,-12.7,0
0,0,5.08,1
5.08,0,7.62,0
2.54,0,0,1
10.16,0,0,0
-2.54,0,-5.08,0
-5.08,0,2.54,1
5.08,0,-12.7,1
0,0,-2.54,1
-5.08,0,5.08,1
2.54,0,-5.08,1
0,4.54,0,0
2.54,9.08,7.62,0
-5.08,0,-5.08,1
7.62,0,2.54,0
0,0,-5.08,1
7.62,0,7.62,0
-7.62,0,-2.54,1
-5.08,0,-2.54,1
2.54,0,5.08,1
12.7,0,7.62,0
-2.54,0,0,0
15.24,0,20.32,1
0,0,-7.62,1
7.62,0,10.16,1
2.54,0,7.62,1
-2.54,0,10.16,0
-10.16,-4.53,-17.78,1
-5.08,0,-2.54,1
-2.54,0,5.08,0
-2.54,-4.53,-5.08,0
-7.62,0,-12.7,1
7.62,0,7.62,1
0,-6.8,12.7,0
-2.54,0,2.54,1
10.16,0,2.54,1
0,-18.59,-12.7,0
-2.54,0,2.54,1
7.62,0,2.54,1
7.62,0,7.62,1
2.54,0,5.08,0
-5.08,0,-12.7,1
2.54,4.54,12.7,0
-10.16,0,0,0
-12.7,0,-10.16,1
2.54,6.8,0,1
-2.54,6.8,-15.24,1
-2.54,0,-7.62,0
-5.08,0,-10.16,1
12.7,0,17.78,1
-12.7,0,-2.54,0
-2.54,0,2.54,1
-2.54,0,-7.62,1
15.24,-15.87,7.62,0
-10.16,-4.54,-7.62,1
2.54,0,-5.08,0
-2.54,0,7.62,0
-5.08,0,-10.16,0
5.08,-8.62,15.24,1
0,0,-2.54,1
12.7,6.8,-2.54,1
0,0,-2.54,0
2.54,0,0,1
7.62,0,0,0
5.08,0,7.62,1
-5.08,0,-10.16,0
7.62,0,12.7,1
0,4.54,5.08,1
-7.62,0,-2.54,0
2.54,0,5.08,1
-5.08,0,5.08,0
-5.08,0,-12.7,1
2.54,0,5.08,0
0,0,-2.54,0
2.54,0,10.16,1
2.54,-5.9,7.62,1
7.62,0,17.78,0
0,0,-17.78,0
-2.54,0,0,1
0,0,5.08,1
-5.08,0,0,0
0,0,5.08,1
-5.08,0,-5.08,1
0,0,-5.08,1
5.08,0,10.16,0
2.54,0,-5.08,1
-2.54,0,-7.62,0
2.54,0,7.62,1
0,13.15,-2.54,1
-2.54,-4.54,0,0
-15.24,0,-7.62,1
0,0,12.7,0
-5.08,0,-5.08,0
-5.08,0,-7.62,0
0,15.42,7.62,1
-7.62,0,2.54,0
0,2.27,-2.54,0
-2.54,0,-5.08,1
5.08,0,2.54,0
7.62,0,10.16,1
-10.16,0,-25.4,1
0,0,-5.08,1
-5.08,0,0,0
7.62,0,2.54,1
0,1.36,-12.7,0
-2.54,0,5.08,1
-2.54,0,-2.54,1
-5.08,0,-7.62,1
0,0,5.08,1
5.08,0,0,1
-2.54,0,5.08,1
2.54,4.53,-5.08,1
-7.62,9.08,7.62,1
0,0,-12.7,1
-2.54,4.08,5.08,1
7.62,0,5.08,1
2.54,0,5.08,1
-5.08,0,-5.08,1
0,0,2.54,1
2.54,-9.08,2.54,0
7.62,0,5.08,0
2.54,0,7.62,1
-7.62,0,0,1
-5.08,0,2.54,0
-5.08,0,0,1
5.08,4.54,15.24,1
5.08,0,17.78,0
0,0,-7.62,0
-7.62,0,-5.08,0
-2.54,0,-7.62,0
2.54,0,2.54,1
0,0,-5.08,1
5.08,0,15.24,1
-2.54,-4.53,5.08,1
7.62,0,-10.16,1
-5.08,-4.54,-5.08,1
7.62,0,0,1
-2.54,0,-5.08,1
2.54,0,2.54,0
7.62,0,10.16,0
0,0,-2.54,0
-12.7,0,10.16,1
-2.54,0,-5.08,0
0,6.8,5.08,0
-2.54,0,-7.62,1
-5.08,0,-2.54,0
0,0,-7.62,1
2.54,0,0,1
12.7,4.54,10.16,1
10.16,0,22.86,1
0,0,-2.54,0
12.7,0,7.62,1
-12.7,0,5.08,1
-7.62,-9.08,-7.62,0
-2.54,-6.8,5.08,0
-20.32,0,-15.24,0
-12.7,0,-5.08,1
12.7,6.8,2.54,1
0,0,-5.08,0
-2.54,0,2.54,0
2.54,0,2.54,0
-5.08,4.53,-5.08,0
-7.62,0,5.08,0
5.08,0,7.62,0
2.54,9.98,0,1
-2.54,0,-2.54,1
5.08,-4.53,7.62,0
-5.08,0,5.08,1
10.16,9.08,0,1
-2.54,0,-7.62,1
5.08,0,5.08,0
-5.08,4.53,0,0
-7.62,0,-7.62,0
-2.54,0,-15.24,1
12.7,0,5.08,0
-2.54,0,-15.24,0
-2.54,-6.8,2.54,1
-2.54,0,5.08,1
-2.54,0,-7.62,0
-5.08,0,0,1
7.62,0,7.62,0
5.08,0,2.54,0
2.54,0,12.7,1
2.54,0,5.08,1
2.54,0,12.7,0
15.24,0,17.78,1
-2.54,0,0,1
-2.54,0,-10.16,0
-2.54,0,-5.08,1
-5.08,0,-5.08,1
2.54,0,2.54,0
2.54,0,-7.62,1
5.08,0,2.54,0
0,0,-10.16,1
12.7,0,5.08,1
5.08,0,7.62,1
5.08,4.54,5.08,0
-2.54,0,-10.16,0
12.7,3.63,5.08,1
0,0,-2.54,0
-7.62,0,0,1
5.08,0,20.32,1
-7.62,0,5.08,1
2.54,0,2.54,0
2.54,0,-7.62,1
10.16,4.54,7.62,1
5.08,0,2.54,0
10.16,0,5.08,0
5.08,0,7.62,1
0,0,-5.08,1
-2.54,0,-2.54,1
0,0,2.54,0
-2.54,-6.8,0,0
5.08,-6.8,15.24,1
10.16,0,15.24,0
7.62,0,5.08,0
15.24,0,15.24,1
7.62,-27.21,10.16,1
-5.08,-6.8,5.08,0
-2.54,0,0,1
12.7,4.54,12.7,1
-5.08,0,-2.54,0
-5.08,0,0,1
10.16,0,10.16,1
-2.54,0,2.54,1
15.24,0,5.08,1
-2.54,0,2.54,0
-5.08,0,-2.54,1
-2.54,0,-2.54,1
-2.54,0,5.08,1
0,0,7.62,0
-2.54,0,10.16,1
10.16,4.54,5.08,0
-7.62,0,-12.7,1
-5.08,0,-10.16,0
7.62,0,2.54,1
-10.16,0,-10.16,1
10.16,0,12.7,1
2.54,0,-5.08,1
-5.08,-1.36,-5.08,1
-5.08,6.8,0,1
0,0,-10.16,1
-2.54,4.53,-2.54,0
-5.08,0,0,1
0,0,2.54,0
0,4.53,-2.54,1
7.62,0,5.08,0
-2.54,0,-10.16,0
0,0,7.62,1
-5.08,5.44,-7.62,1
0,0,5.08,0
-7.62,-6.8,-7.62,1
-2.54,0,2.54,1
-2.54,0,7.62,0
7.62,0,7.62,0
-7.62,0,-5.08,0
-5.08,0,-7.62,1
0,4.54,5.08,0
2.54,9.08,7.62,0
0,6.8,5.08,0
5.08,0,15.24,1
-5.08,0,-5.08,1
2.54,6.8,-2.54,1
2.54,0,-10.16,0
-10.16,0,-5.08,0
0,0,7.62,0
-7.62,6.8,10.16,1
5.08,0,0,0
-5.08,0,0,1
5.08,0,10.16,1
7.62,0,5.08,1
5.08,0,5.08,1
0,0,-2.54,0
-7.62,0,-2.54,1
-7.62,0,0,1
-17.78,0,-5.08,0
-5.08,0,-2.54,1
-2.54,0,5.08,0
-15.24,0,-17.78,1
-2.54,0,-2.54,1
0,4.54,10.16,1
-10.16,-6.8,-10.16,0
7.62,0,7.62,1
5.08,0,0,0
10.16,0,5.08,1
-10.16,0,-2.54,1
-2.54,0,-2.54,0
2.54,0,2.54,0
-5.08,-11.34,0,1
2.54,0,0,1
0,4.54,7.62,1
2.54,27.21,10.16,1
2.54,0,-2.54,0
0,-6.8,7.62,0
5.08,0,-5.08,0
10.16,0,10.16,1
-2.54,0,10.16,1
2.54,0,-2.54,1
5.08,0,-7.62,1
-10.16,0,-7.62,1
-7.62,0,-2.54,0
2.54,0,-5.08,1
2.54,0,7.62,1
5.08,-2.72,5.08,0
-10.16,-4.54,-12.7,1
5.08,0,5.08,1
2.54,0,-2.54,1
-5.08,-4.54,-17.78,1
15.24,4.54,20.32,0
-7.62,0,0,0
0,-9.98,-20.32,0
0,9.08,2.54,0
5.08,4.54,10.16,1
0,0,-12.7,0
0,0,7.62,1
-2.54,0,2.54,0
-5.08,0,0,0
-2.54,0,-5.08,1
0,0,5.08,1
-5.08,0,-7.62,1
10.16,9.08,12.7,1
7.62,0,20.32,1
0,4.54,10.16,1
-5.08,0,2.54,0
2.54,-4.54,-10.16,1
10.16,0,12.7,0
-10.16,0,10.16,0
2.54,0,0,0
5.08,-9.08,15.24,0
0,0,-5.08,1
-7.62,0,-5.08,1
2.54,0,12.7,0
10.16,0,12.7,1
-5.08,-2.27,-5.08,1
7.62,0,7.62,1
2.54,0,5.08,1
-12.7,0,-12.7,1
2.54,0,-2.54,1
-5.08,0,-7.62,0
0,0,-10.16,1
5.08,0,10.16,0
7.62,9.08,5.08,1
0,0,-2.54,1
7.62,15.88,12.7,0
0,0,17.78,0
-20.32,0,-12.7,1
0,0,-10.16,1
-15.24,0,-7.62,0
-12.7,0,2.54,1
-7.62,0,-5.08,1
-5.08,0,-7.62,0
-2.54,0,0,1
0,0,7.62,0
5.08,0,7.62,0
2.54,0,-10.16,1
-7.62,9.98,-10.16,1
-2.54,0,2.54,1
0,-6.8,7.62,1
-7.62,4.54,-7.62,0
-2.54,0,-10.16,0
7.62,0,5.08,1
5.08,0,2.54,0
-2.54,0,-15.24,1
12.7,0,0,1
5.08,0,5.08,1
10.16,0,17.78,1
2.54,-1.82,10.16,0
-5.08,0,0,1
-5.08,-4.54,0,0
0,0,-2.54,1
-2.54,-11.34,-7.62,1
2.54,0,0,0
0,-4.54,2.54,1
7.62,0,7.62,1
5.08,0,5.08,0
10.16,0,7.62,0
2.54,0,2.54,1
-5.08,0,-5.08,1
-12.7,0,-12.7,0
0,0,2.54,0
-2.54,0,-10.16,0
2.54,0,2.54,1
-2.54,6.8,-5.08,0
7.62,0,10.16,1
2.54,0,-12.7,0
-7.62,0,5.08,1
5.08,-6.8,15.24,1
-2.54,4.53,5.08,1
-7.62,0,5.08,1
-12.7,0,-25.4,0
2.54,0,5.08,1
0,2.27,5.08,1
5.08,-4.53,5.08,0
2.54,6.8,-2.54,1
-5.08,0,-15.24,0
0,0,12.7,1
0,0,-2.54,0
5.08,0,5.08,1
2.54,0,-7.62,1
0,0,-2.54,1
2.54,0,15.24,0
-12.7,-4.54,-12.7,0
-2.54,0,-5.08,1
-2.54,-9.07,0,1
10.16,0,2.54,1
12.7,0,10.16,1
-2.54,0,10.16,0
10.16,0,2.54,1
-5.08,0,0,1
2.54,0,7.62,1
-12.7,0,-17.78,1
0,0,7.62,1
0,24.94,7.62,1
2.54,0,7.62,0
2.54,0,2.54,1
-2.54,0,-7.62,0
-2.54,0,10.16,0
-5.08,0,-2.54,1
-2.54,0,-5.08,0
-5.08,26.76,-2.54,1
-2.54,0,-5.08,0
2.54,0,-15.24,1
-10.16,0,-12.7,1
5.08,-2.27,5.08,1
5.08,0,7.62,1
2.54,0,5.08,1
5.08,0,0,0
-2.54,0,5.08,1
-10.16,-4.53,10.16,1
-7.62,0,-7.62,0
-2.54,0,-2.54,1
-5.08,0,-7.62,0
2.54,0.45,5.08,0
5.08,9.08,7.62,0
0,0,7.62,1
-2.54,0,-2.54,0
7.62,0,2.54,1
0,0,7.62,0
-5.08,-4.54,-5.08,1
2.54,0,2.54,0
-2.54,0,0,0
-5.08,0,-12.7,0
-12.7,0,-12.7,1
10.16,0,0,0
-7.62,0,-5.08,1
-7.62,0,2.54,0
2.54,0,5.08,1
2.54,6.8,0,1
-2.54,0,0,1
5.08,0,7.62,0
5.08,0,10.16,1
0,0,-5.08,0
5.08,0,7.62,1
7.62,0,7.62,0
0,0,-7.62,0
-7.62,0,-15.24,1
2.54,0,-2.54,0
0,0,-5.08,1
-5.08,0,-2.54,1
-2.54,0,0,0
0,-4.53,-5.08,1
-2.54,0,-2.54,1
-7.62,0,-5.08,1
0,0,-5.08,1
7.62,5.44,7.62,0
-2.54,0,-7.62,1
5.08,0,-7.62,0
2.54,-4.54,-7.62,1
-15.24,0,-17.78,0
-5.08,-4.54,-12.7,0
12.7,0,17.78,1
7.62,0,12.7,1
5.08,0,12.7,0
2.54,0,12.7,0
2.54,0,10.16,1
2.54,4.54,5.08,1
-5.08,0,-5.08,0
2.54,0,12.7,1
7.62,0,-2.54,1
10.16,15.88,7.62,1
0,0,-2.54,0
5.08,0,5.08,0
-2.54,0,0,0
5.08,-6.8,-2.54,1
15.24,-15.87,2.54,0
5.08,0,2.54,1
-2.54,0,0,1
-2.54,0,-12.7,0
0,0,5.08,0
-10.16,0,-7.62,1
-5.08,0,-12.7,1
10.16,0.46,5.08,1
-5.08,-6.8,-10.16,0
2.54,0,0,1
0,4.54,5.08,1
2.54,-4.54,10.16,0
-2.54,0,0,1
0,6.8,0,1
5.08,9.08,5.08,0
2.54,0,-2.54,0
7.62,0,-2.54,0
-2.54,0,2.54,1
2.54,0,-5.08,0
-7.62,0,-15.24,1
-5.08,0,-2.54,1
-10.16,-6.8,-15.24,1
-2.54,0,12.7,1
-12.7,0,-5.08,0
-2.54,4.54,0,1
-12.7,0,-20.32,1
2.54,0,22.86,1
-5.08,0,-7.62,0
0,0,-2.54,1
-2.54,0,0,0
5.08,0,2.54,1
-2.54,0,-2.54,0
7.62,-2.27,5.08,1
-7.62,0,-10.16,1
2.54,-4.53,-2.54,1
5.08,-4.54,0,1
2.54,0,0,0
7.62,0,-5.08,1
-10.16,-4.54,-20.32,0
-7.62,0,-5.08,1
5.08,0,12.7,0
-5.08,0,-5.08,0
7.62,0,2.54,1
2.54,0,0,0
2.54,0,5.08,0
2.54,-4.54,-5.08,1
-5.08,-1.36,-12.7,1
-5.08,0,-5.08,0
-2.54,0,-10.16,1
-5.08,0,2.54,1
-10.16,0,-15.24,1
-2.54,0,0,0
5.08,9.08,0,0
-2.54,-4.54,5.08,1
0,0,5.08,0
5.08,0,-5.08,0
0,0,-7.62,0
-7.62,0,5.08,0
0,0,7.62,1
-2.54,4.53,7.62,1
-2.54,0,-10.16,1
-5.08,0,5.08,1
0,0,-2.54,1
5.08,0,5.08,0
5.08,10.43,5.08,1
-7.62,0,-5.08,1
0,0,-2.54,0
5.08,0,7.62,1
0,13.6,0,0
2.54,0,2.54,0
-5.08,6.8,-15.24,0
0,0,-10.16,0
5.08,0,0,1
2.54,-4.54,-5.08,1
-2.54,0,-7.62,1
2.54,0,0,1
-2.54,0,-10.16,1
-7.62,0,2.54,1
12.7,-4.53,7.62,1
-12.7,-6.8,7.62,1
10.16,9.08,12.7,0
0,0,-2.54,0
-7.62,0,2.54,1
12.7,0,20.32,1
0,-4.53,7.62,1
-2.54,0,-2.54,0
2.54,4.54,5.08,0
2.54,0,7.62,1
5.08,-1.81,0,1
-2.54,0,-7.62,1
5.08,0,5.08,0
5.08,0,0,1
-7.62,-4.54,-25.4,1
-5.08,4.54,0,1
10.16,0,12.7,1
-12.7,0,5.08,0
-2.54,0,2.54,0
-5.08,0,5.08,1
2.54,0,0,1
-10.16,0,7.62,0
2.54,6.8,2.54,1
2.54,0,-5.08,0
5.08,0,2.54,0
5.08,6.8,7.62,0
7.62,0,5.08,1
7.62,4.54,20.32,1
5.08,0,10.16,0
10.16,0,5.08,1
5.08,6.8,15.24,1
-2.54,0,-5.08,0
-10.16,6.8,-7.62,1
-2.54,0,2.54,0
0,0,2.54,1
-10.16,0,-2.54,1
-2.54,0,-7.62,1
-15.24,0,-17.78,1
17.78,0,17.78,0
-7.62,0,-2.54,1
-2.54,0,-5.08,0
7.62,0,0,0
-2.54,6.8,-5.08,0
2.54,0,12.7,1
5.08,0,0,0
-5.08,0,-10.16,1
2.54,0,-2.54,1
5.08,0,0,0
2.54,0,2.54,1
-2.54,0,-2.54,1
-5.08,0,-7.62,0
-5.08,0,-12.7,1
5.08,0,-10.16,1
0,0,-12.7,0
7.62,0,2.54,1
-2.54,0,7.62,0
-5.08,0,-10.16,1
2.54,-6.8,-7.62,0
0,0,2.54,0
5.08,6.8,5.08,0
2.54,0,-5.08,1
-10.16,0,-10.16,1
0,0,7.62,0
10.16,0,22.86,1
12.7,0,7.62,0
0,0,7.62,0
7.62,0,5.08,1
-5.08,0,0,0
-5.08,0,-7.62,1
-7.62,0,-7.62,0
10.16,0,7.62,1
2.54,-6.8,-2.54,1
-2.54,0,-12.7,1
2.54,4.54,10.16,1
7.62,0,17.78,1
2.54,0,0,1
0,0,7.62,0
-2.54,-4.54,2.54,0
0,0,-5.08,1
-5.08,4.54,2.54,0
5.08,0,7.62,1
10.16,0,10.16,1
-2.54,0,5.08,0
-2.54,0,-7.62,0
0,0,-5.08,1
-5.08,0,-10.16,1
-7.62,-0.45,-12.7,1
7.62,0,0,1
10.16,0,10.16,1
7.62,0,-2.54,0
-2.54,-6.8,7.62,0
7.62,0,2.54,0
-2.54,-6.8,-5.08,0
-5.08,0,-5.08,1
-2.54,0,-2.54,0
-15.24,0,-15.24,1
-7.62,-2.27,2.54,1
-2.54,0,-12.7,1
2.54,0,0,0
7.62,0,2.54,1
-5.08,0,-12.7,1
-2.54,0,15.24,1
17.78,0,25.4,1
5.08,6.8,-5.08,0
5.08,0,2.54,1
0,4.53,5.08,1
5.08,0,2.54,1
2.54,0,12.7,0
0,0,2.54,1
-2.54,-9.07,5.08,0
0,0,2.54,1
2.54,0,0,0
0,-6.8,-5.08,0
-5.08,0,0,1
2.54,0,-10.16,0
-5.08,0,-5.08,0
-2.54,0,5.08,1
15.24,6.8,17.78,1
-10.16,0,-2.54,0
5.08,0,5.08,1
10.16,0,15.24,1
-5.08,4.53,-5.08,0
5.08,0,-5.08,1
5.08,0,0,0
-2.54,-9.08,-7.62,1
2.54,0,-2.54,0
2.54,-9.08,2.54,1
-2.54,0,5.08,1
-2.54,0,-2.54,1
2.54,0,-5.08,1
-2.54,0,-5.08,0
7.62,4.54,10.16,0
12.7,0,5.08,1
-7.62,6.8,-7.62,1
-2.54,-10.43,2.54,1
5.08,0.46,-2.54,0
2.54,0,12.7,1
-5.08,0,-2.54,1
-5.08,0,-2.54,0
2.54,0,2.54,1
10.16,-11.34,5.08,0
-5.08,0,0,0
0,-4.54,-7.62,0
15.24,4.54,10.16,1
10.16,0,15.24,1
2.54,0,2.54,1
0,0,15.24,1
10.16,0,0,0
-10.16,-0.45,-15.24,0
-2.54,4.54,2.54,0
-7.62,0,-2.54,1
-2.54,0,5.08,1
17.78,0,7.62,1
0,0,10.16,1
-2.54,0,-5.08,1
5.08,0,10.16,1
5.08,0,10.16,1
-5.08,0,-15.24,0
5.08,0,7.62,1
2.54,0,10.16,0
12.7,0,0,1
0,0,-15.24,0
5.08,4.54,-2.54,1
0,9.08,-7.62,1
-5.08,0,5.08,1
-2.54,0,7.62,0
-2.54,4.54,2.54,0
2.54,4.54,2.54,1
7.62,0,7.62,1
5.08,-6.8,2.54,0
10.16,0,12.7,1
15.24,2.27,12.7,0
5.08,0,7.62,0
-7.62,0,2.54,1
-10.16,4.54,2.54,0
-5.08,0,-10.16,1
-7.62,0,-10.16,0
2.54,0,-7.62,0
10.16,0,10.16,1
0,0,-2.54,1
0,0,10.16,1
5.08,0,2.54,0
-5.08,0,-7.62,0
5.08,0,-5.08,0
-10.16,0,-7.62,1
-10.16,-6.8,-5.08,1
-5.08,-4.54,-5.08,0
2.54,0,5.08,1
-2.54,-4.54,-5.08,0
10.16,4.54,10.16,1
-5.08,0,2.54,1
5.08,0,5.08,1
-10.16,0,-5.08,0
2.54,6.8,2.54,1
-2.54,9.08,-2.54,0
-5.08,0,5.08,1
2.54,0,0,1
-2.54,0,-2.54,1
2.54,4.53,0,0
7.62,4.54,15.24,0
7.62,6.8,5.08,1
-2.54,-4.54,-2.54,1
2.54,0,0,0
0,0,2.54,1
15.24,0,7.62,1
-2.54,3.17,-12.7,1
7.62,0,15.24,1
-2.54,-6.8,-5.08,0
0,0,-5.08,1
-7.62,0,0,1
-7.62,6.8,-17.78,1
-2.54,0,-2.54,1
0,0,7.62,0
2.54,4.54,2.54,0
-7.62,0,-7.62,0
-2.54,0,2.54,0
-2.54,0,-2.54,0
-17.78,0,-17.78,1
-7.62,-6.8,0,0
0,0,-5.08,0
2.54,0,0,1
15.24,0,12.7,1
-5.08,0,7.62,1
0,-4.54,-7.62,0
-5.08,0,-2.54,0
10.16,-4.54,5.08,1
5.08,-4.54,-5.08,0
2.54,0,0,1
-2.54,0,5.08,1
2.54,0,12.7,0
7.62,9.08,10.16,0
-7.62,-4.54,-2.54,0
10.16,0,-5.08,1
-5.08,6.8,-10.16,1
2.54,0,-12.7,0
7.62,0,5.08,0
5.08,0,7.62,1
0,26.76,0,1
-12.7,0,-10.16,0
5.08,0,7.62,0
-5.08,-6.8,-5.08,1
7.62,0,12.7,1
-2.54,-4.53,-5.08,1
-5.08,0,-5.08,0
2.54,0,12.7,1
0,0,2.54,0
-2.54,0,5.08,0
-10.16,0,-12.7,1
2.54,0,-5.08,1
-2.54,0,-7.62,1
7.62,0,5.08,1
5.08,0,0,0
5.08,0,5.08,0
7.62,0,12.7,1
-5.08,9.08,-5.08,1
-10.16,-4.54,-7.62,1
0,-4.54,-10.16,0
5.08,0,0,1
-5.08,0,-5.08,0
2.54,0,0,1
0,0,-12.7,0
-5.08,0,-5.08,0
2.54,0,-5.08,0
2.54,0,-7.62,1
2.54,0,15.24,1
-2.54,0,-2.54,1
-2.54,0,-5.08,0
2.54,11.34,-17.78,1
5.08,0,-2.54,0
-5.08,-1.36,-7.62,0
0,0,5.08,0
5.08,0,-7.62,1
-2.54,4.54,0,1
0,-4.54,5.08,0
-2.54,4.53,-5.08,1
-5.08,4.54,0,0
0,0,-5.08,1
2.54,2.27,2.54,0
5.08,0,0,0
5.08,0,0,0
-2.54,15.87,10.16,0
-7.62,0,5.08,1
-5.08,-7.26,-2.54,0
2.54,4.54,2.54,1
2.54,0,-5.08,0
-10.16,0,-5.08,0
0,0,-2.54,1
-2.54,-2.27,-5.08,1
5.08,0,12.7,1
0,0,-2.54,0
-5.08,-6.8,-2.54,1
0,0,7.62,1
-10.16,0,7.62,0
0,0,-5.08,0
-7.62,0,-7.62,1
2.54,0,10.16,1
-2.54,4.54,20.32,0
-12.7,-6.8,-17.78,1
-7.62,6.8,0,0
12.7,0,5.08,1
7.62,0,7.62,0
0,0,-2.54,1
-2.54,0,5.08,0
-5.08,0,12.7,0
5.08,4.54,20.32,1
-7.62,0,-7.62,1
0,-4.54,-12.7,0
5.08,0,5.08,1
-10.16,-4.54,-15.24,1
-7.62,0,2.54,1
0,0,-5.08,1
10.16,0,10.16,0
0,0,2.54,0
-2.54,0,-2.54,0
7.62,-4.54,-2.54,1
-5.08,0,2.54,1
-2.54,0,-12.7,1
0,0,7.62,1
-5.08,0,5.08,0
2.54,0,-10.16,0
2.54,0,5.08,1
-5.08,0,-12.7,1
-5.08,6.8,-10.16,1
-7.62,0,-7.62,1
7.62,0,2.54,0
2.54,0,5.08,1
5.08,4.54,12.7,1
-7.62,0,0,1
-2.54,0,10.16,1
7.62,0,17.78,1
-12.7,0,7.62,1
-10.16,0,-10.16,1
5.08,0,-5.08,1
5.08,0,5.08,1
-5.08,0,-2.54,0
0,0,-7.62,1
5.08,0,0,1
0,0,5.08,0
-5.08,-6.8,5.08,0
-5.08,0,-5.08,1
0,0,-10.16,0
0,-8.62,2.54,1
5.08,0,-2.54,0
5.08,0,5.08,0
-2.54,0,5.08,0
2.54,0,0,1
-2.54,0,0,1
2.54,6.8,-10.16,1
-5.08,0,-10.16,0
-5.08,-7.26,-5.08,1
-2.54,-6.8,0,1
-7.62,-4.53,2.54,0
-22.86,0,-7.62,1
-2.54,-4.54,-12.7,0
-5.08,0,-7.62,1
0,0,2.54,1
0,-6.8,-10.16,1
2.54,0,5.08,0
2.54,0,-2.54,1
5.08,-6.8,22.86,1
0,-3.18,-10.16,0
2.54,0,2.54,1
7.62,0,2.54,0
-10.16,0,-10.16,1
-10.16,0,-10.16,1
7.62,4.54,2.54,1
2.54,0,7.62,0
-2.54,0,2.54,0
2.54,4.54,7.62,1
2.54,-9.08,2.54,1
2.54,0,-7.62,0
2.54,0,-2.54,1
-10.16,0,-5.08,1
0,0,-5.08,0
10.16,0,2.54,1
10.16,0,2.54,1
10.16,0,10.16,0
-10.16,0,-5.08,0
2.54,0,0,0
12.7,0,5.08,1
12.7,4.54,7.62,0
7.62,0,15.24,1
2.54,0,2.54,1
-10.16,4.53,-12.7,0
-2.54,4.53,7.62,1
2.54,0,5.08,1
-10.16,0,-10.16,0
12.7,4.54,10.16,1
-5.08,9.08,0,0
-5.08,0,5.08,1
-10.16,-15.88,-2.54,1
5.08,0,0,1
5.08,0,0,0
0,0,-10.16,1
7.62,0,2.54,1
-10.16,0,-2.54,0
7.62,0,0,0
-5.08,6.8,-10.16,0
0,0,2.54,1
2.54,0,-2.54,0
-2.54,0,12.7,0
7.62,0,2.54,0
5.08,0,7.62,0
-7.62,0,-15.24,1
20.32,4.53,22.86,1
2.54,15.87,5.08,1
5.08,0,-5.08,1
15.24,4.54,10.16,1
-2.54,0,0,0
-7.62,-6.8,-12.7,1
2.54,4.08,0,1
2.54,0,2.54,1
2.54,0,10.16,1
-7.62,0,-5.08,1
-5.08,0,5.08,1
-2.54,0,-10.16,1
5.08,-3.17,0,0
2.54,6.8,17.78,1
2.54,0,2.54,0
-2.54,4.54,-10.16,0
5.08,4.53,7.62,1
2.54,0,7.62,1
5.08,0,7.62,0
-2.54,0,-10.16,1
2.54,0,-10.16,1
-2.54,0,0,1
2.54,0,-10.16,1
5.08,0,7.62,1
-7.62,0,-10.16,0
2.54,0,5.08,1
5.08,0,0,1
22.86,0.45,22.86,0
-2.54,4.54,2.54,0
-5.08,0,-2.54,0
2.54,0,-7.62,0
0,0,7.62,1
2.54,0,-7.62,1
20.32,4.54,15.24,0
-2.54,0,-10.16,1
-7.62,0,-5.08,0
-2.54,4.54,0,0
-2.54,0,-5.08,0
-7.62,-4.54,-10.16,1
-2.54,0,-5.08,1
-2.54,0,-2.54,0
-10.16,0,-20.32,0
0,-4.54,0,1
-12.7,0,-7.62,0
2.54,0,7.62,1
2.54,7.26,0,0
0,0,-7.62,0
5.08,5.9,-2.54,1
7.62,0,7.62,0
-2.54,0,-12.7,1
2.54,-18.59,-10.16,1
2.54,0,-2.54,0
-7.62,0,-5.08,0
2.54,-4.54,2.54,1
-2.54,-4.53,-7.62,1
-7.62,0,-12.7,0
-2.54,0,2.54,1
0,2.27,-2.54,0
7.62,0,5.08,1
-2.54,0,2.54,1
5.08,9.08,12.7,0
7.62,0,0,1
-5.08,0,0,0
-5.08,0,-10.16,1
5.08,0,5.08,1
-10.16,0,0,1
7.62,0,20.32,1
5.08,0,-2.54,0
-12.7,0,2.54,0
10.16,4.53,2.54,1
0,-4.54,12.7,1
-2.54,0,-5.08,1
-2.54,0,-2.54,0
2.54,-4.54,0,0
-7.62,0,-2.54,1
2.54,2.27,7.62,1
-7.62,0,2.54,0
5.08,0,-5.08,1
2.54,0,-5.08,1
2.54,0,7.62,1
7.62,-15.88,17.78,1
2.54,0,2.54,0
-7.62,0,-2.54,0
0,4.53,-7.62,1
2.54,0,2.54,1
2.54,0,7.62,1
-10.16,0,-15.24,0
5.08,4.54,20.32,1
-7.62,0,-10.16,1
0,0,-5.08,1
-7.62,0,-7.62,1
2.54,0,0,1
-7.62,0,-12.7,1
-2.54,0,-7.62,1
-2.54,0,-2.54,1
7.62,4.53,2.54,0
10.16,5.44,7.62,1
-7.62,0,-10.16,0
-5.08,0,-5.08,1
5.08,0,15.24,1
2.54,0,7.62,1
7.62,0,10.16,1
2.54,6.8,-7.62,1
2.54,6.8,7.62,1
-2.54,0,-10.16,1
-7.62,0,0,1
7.62,-4.54,-5.08,0
0,0,-5.08,0
-10.16,0,-15.24,0
5.08,0,15.24,0
-10.16,0,-5.08,1
-2.54,6.8,0,0
0,-9.08,-2.54,0
5.08,0,5.08,1
2.54,0,0,1
0,-4.54,10.16,1
7.62,0,2.54,1
0,0,-7.62,0
-2.54,0,-20.32,0
2.54,0,2.54,0
0,0,-2.54,0
0,-6.8,-5.08,1
2.54,0,0,1
-2.54,0,-10.16,0
-7.62,0,0,0
12.7,2.27,20.32,1
7.62,0,5.08,0
5.08,-1.82,-2.54,0
5.08,0,10.16,0
-7.62,0,-5.08,0
-5.08,0,-2.54,0
2.54,0,2.54,0
2.54,0,12.7,0
10.16,0,15.24,0
7.62,-27.21,2.54,1
-5.08,4.54,-2.54,1
2.54,9.07,-2.54,1
-5.08,0,-12.7,0
-5.08,-9.08,2.54,0
-2.54,4.53,5.08,1
2.54,0,7.62,1
2.54,-6.8,10.16,1
12.7,0,12.7,1
2.54,0,0,1
2.54,6.8,5.08,1
-2.54,0,-5.08,1
0,0,-2.54,1
0,0,-2.54,1
-2.54,0,5.08,1
5.08,0,2.54,0
-10.16,0,-7.62,1
-2.54,0,0,0
-5.08,0,-10.16,0
-2.54,4.53,-2.54,0
10.16,0,15.24,1
0,0,-2.54,1
-2.54,0,2.54,1
-2.54,11.79,-5.08,1
-12.7,0,-5.08,1
10.16,-9.08,15.24,1
-2.54,0,2.54,1
0,6.8,-7.62,1
-10.16,6.8,-17.78,1
5.08,11.79,0,1
-2.54,-25.85,-7.62,1
-5.08,0,-5.08,0
-7.62,6.8,5.08,1
0,4.54,-5.08,1
2.54,4.53,7.62,1
10.16,6.8,15.24,1
5.08,0,5.08,0
0,0,-5.08,1
-2.54,0,0,0
-2.54,-9.08,-5.08,1
5.08,4.54,5.08,1
-12.7,0,-10.16,0
-7.62,0,-10.16,1
5.08,0,7.62,0
-2.54,0,-5.08,0
-7.62,-6.8,-7.62,0
10.16,0,2.54,1
5.08,0,-5.08,1
-5.08,0,10.16,1
-5.08,-4.54,-15.24,0
-7.62,6.8,-7.62,0
-7.62,0,0,0
0,0,-2.54,0
7.62,15.88,5.08,1
2.54,4.54,0,1
7.62,-4.54,15.24,0
-2.54,4.54,0,1
2.54,0,5.08,1
-12.7,0,5.08,1
0,0,-7.62,1
-10.16,-4.54,-7.62,0
-2.54,4.54,2.54,1
-2.54,0,-12.7,0
0,0,7.62,0
-5.08,0,-2.54,1
10.16,0,5.08,1
0,19.95,0,1
10.16,4.53,7.62,1
0,0,5.08,1
5.08,4.54,10.16,0
-7.62,0,-7.62,1
-10.16,0,-7.62,1
-10.16,-12.7,-10.16,0
-2.54,0,-2.54,1
0,0,7.62,1
2.54,0,10.16,0
10.16,0,2.54,0
0,0,7.62,0
-2.54,0,-5.08,1
0,0,2.54,0
-7.62,6.8,0,1
-12.7,0,-12.7,1
2.54,0,-2.54,1
-2.54,0,-5.08,1
-15.24,0,-5.08,1
-7.62,0,-2.54,0
2.54,0,-5.08,1
5.08,4.54,10.16,0
7.62,4.54,12.7,0
5.08,0,5.08,0
-7.62,0,0,1
5.08,4.54,5.08,0
2.54,9.08,0,0
5.08,-4.54,-10.16,1
5.08,0,12.7,1
0,-4.53,10.16,1
12.7,4.54,15.24,1
2.54,0,2.54,1
2.54,4.53,0,1
5.08,0,7.62,1
12.7,6.8,5.08,0
5.08,-4.54,2.54,1
-7.62,0,2.54,0
-10.16,4.54,2.54,1
7.62,0,17.78,1
-10.16,0,-7.62,0
-7.62,-4.54,-2.54,1
-5.08,0,-12.7,1
0,0,-5.08,1
0,0,-5.08,0
-2.54,0,5.08,0
0,0,2.54,0
2.54,4.54,-7.62,0
-2.54,0,7.62,0
-10.16,-6.8,-10.16,0
5.08,0,-2.54,1
5.08,0,0,1
7.62,0,2.54,1
2.54,0,2.54,1
7.62,6.8,2.54,1
-5.08,0,-5.08,0
5.08,0,0,0
0,0,-7.62,1
-2.54,6.8,7.62,1
2.54,0,-2.54,1
-10.16,0,-10.16,1
0,0,-5.08,0
0,0,-7.62,1
-5.08,0,2.54,0
-7.62,6.8,-15.24,0
15.24,4.54,17.78,1
2.54,0,-2.54,0
2.54,0,-5.08,1
-10.16,-6.35,-2.54,1
5.08,0,0,0
2.54,27.21,-5.08,1
2.54,-4.54,5.08,0
5.08,0,15.24,1
2.54,15.87,-2.54,1
2.54,0,7.62,0
-7.62,-4.53,0,1
-7.62,0,-5.08,0
5.08,4.54,7.62,0
7.62,20.41,12.7,1
0,0,15.24,0
-10.16,0,-10.16,1
5.08,3.63,12.7,1
-5.08,0,-2.54,0
12.7,6.8,15.24,1
-7.62,0,-2.54,1
-5.08,4.08,7.62,1
-5.08,0,2.54,1
-2.54,0,-2.54,1
2.54,0,2.54,1
7.62,9.08,10.16,1
-2.54,6.8,7.62,0
7.62,0,2.54,0
5.08,0,5.08,1
7.62,0,12.7,0
2.54,6.8,5.08,1
-5.08,0,-7.62,0
-2.54,4.54,7.62,1
7.62,0,7.62,1
-2.54,4.53,-2.54,0
-2.54,0,-7.62,0
-12.7,-4.53,-25.4,0
10.16,0,17.78,1
-5.08,0,-5.08,1
2.54,0,5.08,1
7.62,0,22.86,1
7.62,0,7.62,1
-5.08,0,2.54,1
-2.54,0,-12.7,1
17.78,0,17.78,1
5.08,0,0,1
2.54,0,5.08,1
-2.54,-4.53,-7.62,0
-5.08,4.54,-10.16,1
-5.08,0,0,0
12.7,4.54,12.7,1
7.62,4.54,7.62,1
-5.08,0,-2.54,0
-2.54,0,5.08,1
0,-4.99,0,1
7.62,0,0,1
2.54,0,2.54,1
10.16,0,17.78,0
0,0,-5.08,1
-2.54,0,-12.7,0
5.08,9.08,0,1
-5.08,0,2.54,0
-2.54,5.44,-7.62,0
-2.54,0,0,1
-2.54,0,12.7,0
12.7,4.54,10.16,1
0,0,-2.54,1
0,0,2.54,0
-7.62,0,2.54,1
-5.08,0,-7.62,0
2.54,0,-10.16,1
2.54,0,2.54,0
-7.62,-6.8,-2.54,1
2.54,0,-2.54,1
10.16,0,5.08,1
2.54,-4.53,10.16,0
-2.54,0,-10.16,1
2.54,0,2.54,0
-7.62,-4.54,-7.62,1
-2.54,0,5.08,0
-7.62,0,-10.16,1
2.54,0,0,0
10.16,4.53,17.78,1
-5.08,0,-10.16,0
0,19.5,17.78,1
-10.16,0,-5.08,1
12.7,0.45,15.24,0
2.54,0,-2.54,0
12.7,13.6,15.24,1
-5.08,0,2.54,1
-2.54,0,-5.08,1
-2.54,0,-12.7,0
-5.08,0,-7.62,0
0,4.54,12.7,1
0,0,-5.08,0
0,12.25,7.62,1
-12.7,-6.8,-12.7,0
0,0,10.16,0
-5.08,0,-5.08,0
10.16,0,7.62,1
0,-9.08,0,1
0,0,5.08,1
-7.62,-4.53,-7.62,1
5.08,-4.54,15.24,1
-2.54,0,2.54,1
5.08,0,5.08,1
0,0,2.54,1
-10.16,0,2.54,1
2.54,0,5.08,1
-12.7,-8.17,0,1
-2.54,4.53,-17.78,1
2.54,0,-5.08,0
5.08,0,10.16,1
5.08,0,7.62,0
2.54,0,-2.54,0
-5.08,0,-5.08,1
-7.62,0,-15.24,1
5.08,0,7.62,1
-2.54,-4.54,-10.16,0
-5.08,0,-7.62,1
2.54,0,2.54,0
0,0,-10.16,1
-7.62,0,-2.54,1
7.62,0,2.54,1
5.08,18.14,15.24,1
10.16,0,5.08,1
0,0,-7.62,0
-7.62,0,-7.62,1
-2.54,0,-7.62,1
7.62,0,7.62,0
0,4.53,-5.08,1
2.54,0,10.16,1
12.7,0,-5.08,0
-2.54,0,-5.08,1
-2.54,0,-7.62,1
2.54,0,0,1
2.54,0,10.16,1
-2.54,0,0,0
-2.54,0,-2.54,0
-5.08,0,-5.08,1
20.32,4.54,12.7,1
7.62,0,2.54,1
5.08,0,-5.08,1
-2.54,0,-10.16,1
5.08,10.43,5.08,0
17.78,0,15.24,0
0,0,-5.08,1
5.08,0,5.08,1
-12.7,0,-12.7,0
2.54,0,-5.08,1
7.62,-4.54,5.08,1
-2.54,0,5.08,1
-2.54,0,2.54,1
-2.54,0,0,1
2.54,9.08,15.24,1
2.54,0,15.24,1
5.08,0,-12.7,0
2.54,6.8,2.54,0
-5.08,0,-2.54,0
0,0,5.08,1
-2.54,6.8,-2.54,1
-10.16,6.8,-15.24,0
2.54,-4.54,-5.08,1
7.62,0,7.62,1
0,4.53,0,0
5.08,0,2.54,1
5.08,-6.8,0,1
-2.54,0,5.08,0
5.08,0,2.54,0
-5.08,0,7.62,0
5.08,0,5.08,1
17.78,9.08,-2.54,1
-12.7,-6.8,-2.54,1
-2.54,-9.08,2.54,0
-2.54,0,-7.62,0
2.54,0,2.54,0
-5.08,0,-5.08,0
-2.54,0,-2.54,0
-2.54,0,-5.08,1
-7.62,-6.8,-7.62,0
2.54,0,0,1
10.16,4.53,15.24,1
5.08,6.8,15.24,1
-7.62,0,-7.62,1
2.54,0,7.62,1
-2.54,0,-2.54,0
2.54,-0.91,-2.54,0
12.7,0,10.16,1
-5.08,0,-2.54,1
-2.54,0,-7.62,0
5.08,0,-2.54,1
0,0,7.62,0
0,0,2.54,0
-5.08,-6.8,0,1
-5.08,-6.8,-2.54,1
-7.62,0,-15.24,1
10.16,0,0,0
0,0,-5.08,0
10.16,0.46,-10.16,0
-2.54,0,-5.08,1
2.54,5.44,2.54,1
5.08,9.08,-2.54,1
5.08,0,0,1
-5.08,4.54,0,1
0,4.54,5.08,1
-15.24,-9.08,-10.16,0
-2.54,0,-5.08,1
-7.62,0,-15.24,1
-17.78,0,-20.32,0
0,0,10.16,1
2.54,0,7.62,0
-2.54,6.8,-15.24,1
12.7,18.14,17.78,0
7.62,0,7.62,1
-2.54,0,0,1
-7.62,6.8,0,1
2.54,-4.54,-7.62,0
-15.24,0,-10.16,1
0,0,-5.08,1
12.7,0,10.16,1
-2.54,0,-7.62,1
0,0,10.16,0
-5.08,4.53,5.08,1
0,-4.54,-12.7,1
7.62,0,5.08,1
-2.54,0,0,1
-10.16,0,-17.78,0
-5.08,0,-12.7,0
-2.54,1.82,-7.62,0
-7.62,0,-7.62,0
0,6.35,0,0
2.54,0,2.54,1
5.08,-6.8,-7.62,1
-12.7,0,-7.62,1
10.16,4.54,0,1
-5.08,0,-15.24,0
5.08,0,0,0
-10.16,0,-5.08,1
2.54,0,2.54,0
0,0,-2.54,1
-7.62,-9.08,-15.24,0
0,0,-5.08,1
-2.54,0,-2.54,0
-5.08,0,-2.54,0
2.54,0,-2.54,0
-5.08,-4.54,-5.08,0
10.16,0,17.78,0
2.54,0,5.08,1
-5.08,4.54,0,1
-10.16,-4.54,-7.62,1
10.16,0,7.62,1
-5.08,0,2.54,0
10.16,0,5.08,1
0,4.54,0,0
-2.54,0,-7.62,0
-2.54,0,2.54,1
2.54,9.08,0,0
-2.54,-4.53,7.62,0
-7.62,0,-10.16,1
5.08,0,7.62,0
-2.54,0,-2.54,1
7.62,18.14,12.7,0
-5.08,0,0,1
2.54,0,7.62,1
0,-7.26,2.54,0
10.16,0,2.54,0
-5.08,-4.54,-12.7,0
2.54,0,-2.54,1
-5.08,0,-7.62,1
0,6.8,-2.54,0
2.54,0,-5.08,1
0,-4.54,12.7,0
10.16,0,0,1
2.54,13.61,10.16,1
0,0,-2.54,0
0,0,-10.16,1
-7.62,-4.53,-12.7,0
-12.7,0,-10.16,1
2.54,0,-2.54,1
5.08,0,10.16,0
0,-9.08,-5.08,1
-2.54,0,-7.62,1
-7.62,0,-2.54,0
2.54,0,-5.08,1
-5.08,-4.53,10.16,1
5.08,0,-2.54,1
12.7,9.07,2.54,0
-5.08,0,-5.08,0
-2.54,-4.53,5.08,1
2.54,0,0,1
2.54,0,10.16,1
-5.08,0,-10.16,1
2.54,4.53,0,1
-12.7,-2.27,-20.32,0
-5.08,-6.8,-10.16,0
-2.54,0,2.54,0
-2.54,4.54,0,0
5.08,0,12.7,1
-5.08,0,5.08,0
-15.24,0,-10.16,0
2.54,0,2.54,0
7.62,4.54,7.62,0
0,0,-5.08,1
-2.54,0,2.54,1
2.54,0,2.54,1
-2.54,0,0,1
2.54,0,10.16,1
-5.08,0,-2.54,1
10.16,-11.34,5.08,1
0,0,-7.62,1
-7.62,0,-7.62,1
5.08,0,2.54,1
2.54,-7.71,7.62,1
-12.7,0,-12.7,0
-7.62,-4.53,-5.08,1
-5.08,0,12.7,0
0,0,-5.08,0
-2.54,4.54,-7.62,1
0,0,-5.08,1
2.54,0,2.54,1
-5.08,0,-7.62,0
-2.54,-6.8,-7.62,0
-5.08,0,-2.54,1
-12.7,0,-17.78,0
10.16,0,5.08,1
0,-4.53,0,1
-5.08,0,-2.54,0
-2.54,0,-5.08,1
-2.54,0,-5.08,1
7.62,0,17.78,1
12.7,4.54,2.54,1
5.08,0,0,1
-2.54,0,-2.54,1
5.08,0,-5.08,0
0,0,-7.62,0
5.08,4.53,0,0
0,0,7.62,1
-15.24,0,-20.32,1
0,-4.53,-2.54,0
-2.54,-4.54,-15.24,1
-5.08,0,-12.7,1
-15.24,-6.8,-10.16,0
-7.62,-4.54,7.62,0
7.62,0,2.54,0
0,-11.34,5.08,1
-2.54,-11.34,-2.54,1
0,0,7.62,1
-5.08,0,-2.54,1
5.08,-9.08,2.54,0
7.62,0,12.7,0
-5.08,0,-20.32,1
7.62,0,0,1
10.16,-4.54,10.16,0
7.62,0,12.7,1
0,0,-5.08,1
-5.08,0,0,1
2.54,15.88,5.08,1
-2.54,0,-10.16,1
7.62,0,5.08,1
2.54,0,10.16,1
0,0,2.54,0
-5.08,0,5.08,0
7.62,0,2.54,0
2.54,0,7.62,1
5.08,19.5,20.32,1
0,0,2.54,1
-2.54,9.08,2.54,1
-7.62,0,-7.62,0
2.54,0,7.62,0
-5.08,0,-2.54,1
-5.08,0,0,0
5.08,0,5.08,1
-10.16,0,-2.54,0
0,0,5.08,1
0,5.45,15.24,1
2.54,0,5.08,0
2.54,0,-2.54,1
10.16,0,2.54,0
-7.62,0,-2.54,1
-7.62,9.08,0,1
10.16,4.54,12.7,1
-7.62,-9.08,-2.54,1
-7.62,0,-12.7,1
-17.78,-9.08,-7.62,1
5.08,0,-7.62,0
10.16,-2.72,15.24,1
10.16,4.54,0,0
-7.62,6.8,-15.24,0
7.62,4.54,12.7,1
-2.54,0,2.54,1
7.62,-6.8,17.78,1
0,-4.54,-5.08,1
7.62,0,7.62,1
-12.7,0,-17.78,0
2.54,1.36,-5.08,0
5.08,4.54,12.7,0
-17.78,0,-7.62,1
-5.08,0,-7.62,1
-2.54,0,0,1
-5.08,0,7.62,1
-7.62,0,2.54,0
7.62,6.35,5.08,0
0,-4.54,5.08,1
2.54,4.54,15.24,1
-5.08,-4.54,-5.08,0
-7.62,0,-2.54,0
5.08,0,-2.54,1
7.62,-9.08,12.7,0
0,0,2.54,1
7.62,0,7.62,1
2.54,0,7.62,0
-7.62,0,2.54,0
5.08,0,10.16,1
-2.54,0,-2.54,0
-17.78,0,-7.62,1
-7.62,0,-5.08,0
0,0,12.7,0
-5.08,0,-12.7,0
-10.16,0,-17.78,0
5.08,-4.54,2.54,1
0,0,2.54,0
7.62,0,7.62,1
-2.54,-6.8,-17.78,1
7.62,0,17.78,0
15.24,0,10.16,0
2.54,0,7.62,1
5.08,4.54,15.24,1
-10.16,0,-2.54,1
5.08,4.53,-2.54,1
2.54,4.54,10.16,1
0,-6.8,2.54,0
2.54,-4.54,-2.54,0
2.54,0,-2.54,0
0,15.88,2.54,1
-15.24,0,-10.16,1
10.16,4.54,7.62,0
-7.62,0,0,1
2.54,-4.54,-2.54,0
-10.16,-6.8,-2.54,0
10.16,0,10.16,1
-7.62,0,-10.16,0
-5.08,0,0,1
-2.54,6.8,0,1
5.08,0,0,0
-2.54,0,10.16,1
7.62,0,0,1
0,4.53,0,0
-7.62,0,-7.62,0
0,0,5.08,1
-7.62,0,-12.7,0
0,0,-10.16,0
5.08,-4.53,-2.54,1
10.16,0,12.7,1
-2.54,0,-5.08,0
7.62,0,10.16,1
10.16,-4.54,7.62,0
-10.16,-9.07,-12.7,1
-15.24,0,-5.08,0
0,0,-12.7,0
7.62,5.44,15.24,1
2.54,0,12.7,0
2.54,0,2.54,1
-20.32,0,-7.62,0
2.54,0,-5.08,1
10.16,0,10.16,0
0,-11.34,0,0
-5.08,0,-2.54,1
-5.08,6.8,-2.54,1
-15.24,0,-7.62,1
5.08,0,0,1
-7.62,0,0,0
5.08,11.34,0,1
7.62,0,-5.08,1
0,3.63,22.86,1
-2.54,0,5.08,1
7.62,0,7.62,1
-12.7,0,-5.08,1
0,0,2.54,1
17.78,0,2.54,1
0,6.35,5.08,0
-2.54,9.08,-10.16,0
5.08,-4.54,-7.62,0
-17.78,-6.8,-22.86,0
0,-9.08,-2.54,0
-2.54,-6.8,-7.62,0
0,0,7.62,0
15.24,0,15.24,0
-2.54,0,-5.08,0
-2.54,0,0,1
10.16,0,0,0
7.62,0,10.16,0
2.54,0,12.7,1
-7.62,0,0,0
2.54,0,-2.54,1
0,-4.54,12.7,0
0,0,2.54,0
-10.16,-4.54,-7.62,1
0,0,5.08,0
5.08,9.08,17.78,0
2.54,0,-2.54,1
7.62,0,5.08,1
-5.08,0,-10.16,0
0,-4.54,-7.62,0
5.08,-6.8,10.16,1
-7.62,0,-12.7,0
0,0,7.62,0
0,-4.53,0,1
5.08,6.8,7.62,0
7.62,0.45,5.08,1
0,-4.53,-2.54,1
12.7,4.54,12.7,1
0,0,-5.08,1
0,0,-7.62,1
5.08,0,10.16,1
5.08,4.53,10.16,0
2.54,0,-2.54,1
5.08,0,10.16,0
0,0,-2.54,0
2.54,6.8,0,0
7.62,0,5.08,1
-5.08,0,-5.08,0
-5.08,4.54,0,1
5.08,0,7.62,0
2.54,0,-5.08,1
-5.08,0,-5.08,1
-2.54,9.08,0,0
12.7,0,5.08,0
-7.62,-4.54,-7.62,1
-2.54,0,5.08,1
-2.54,9.98,5.08,0
-7.62,0,-7.62,1
5.08,0,-2.54,0
-12.7,-6.8,-12.7,1
5.08,0,5.08,1
0,0,2.54,0
0,0,2.54,1
-7.62,4.54,-5.08,1
12.7,3.63,7.62,1
2.54,4.53,-5.08,0
0,0,-5.08,1
0,19.5,20.32,1
-7.62,0,-5.08,0
0,0,2.54,0
-7.62,0,-7.62,0
5.08,0,0,0
-10.16,0,-5.08,0
-7.62,0,-12.7,0
0,0,-7.62,1
-10.16,0,-5.08,1
10.16,0,5.08,1
-12.7,-4.53,-10.16,0
10.16,0,12.7,0
0,0,5.08,0
25.4,5.44,22.86,1
7.62,20.42,5.08,0
-5.08,-4.53,-2.54,1
-10.16,0,-2.54,0
7.62,0,2.54,1
5.08,6.8,2.54,1
-7.62,0,2.54,0
-2.54,4.54,2.54,0
-5.08,0,-2.54,1
-10.16,0,-17.78,0
-2.54,0,-2.54,0
-12.7,0,-7.62,1
7.62,4.54,15.24,1
10.16,0,15.24,0
7.62,4.54,7.62,0
2.54,0,7.62,0
-2.54,-6.8,7.62,1
2.54,0,2.54,1
-7.62,-4.54,-7.62,0
0,-4.54,5.08,0
5.08,4.53,-5.08,0
2.54,4.54,2.54,0
0,4.54,7.62,0
-7.62,-4.54,0,0
5.08,0,7.62,1
-10.16,0,-12.7,1
0,0,-5.08,0
5.08,0,5.08,1
0,9.08,-2.54,1
-5.08,0,15.24,1
-10.16,0,0,1
-10.16,-4.53,0,1
-5.08,0,-10.16,0
-7.62,6.8,-12.7,0
2.54,0,-2.54,0
-2.54,0,-2.54,0
-10.16,-9.08,-5.08,1
2.54,0,-5.08,1
2.54,0,2.54,1
5.08,0,5.08,1
-7.62,-4.54,-15.24,1
2.54,0,-5.08,1
0,0,2.54,1
-5.08,0,-15.24,1
2.54,9.98,-10.16,0
-2.54,-4.54,7.62,1
2.54,4.54,5.08,0
0,0,-5.08,0
-5.08,0,-7.62,1
5.08,9.07,10.16,0
-7.62,0,-10.16,1
-2.54,0,0,1
2.54,-4.54,7.62,1
2.54,0,5.08,1
-10.16,-4.54,-2.54,0
0,0,-5.08,1
-10.16,0,0,1
5.08,0,2.54,1
-5.08,0,-15.24,1
0,0,-7.62,0
-5.08,0,2.54,0
-2.54,19.5,12.7,1
0,4.54,-2.54,0
2.54,0,0,0
-12.7,11.34,-15.24,0
0,0,-12.7,0
-15.24,0,-10.16,0
0,0,2.54,0
-2.54,4.54,0,0
-5.08,0,-15.24,1
-7.62,0,0,1
7.62,0,7.62,1
-10.16,0,-22.86,0
-2.54,6.8,17.78,0
-2.54,-4.54,0,1
5.08,4.53,5.08,1
-5.08,0,-7.62,0
-5.08,-6.8,-10.16,1
2.54,0,2.54,0
2.54,0,-2.54,0
7.62,-9.08,0,0
-7.62,0,-5.08,1
-2.54,0,-15.24,0
-5.08,-6.8,0,0
7.62,0,0,1
-2.54,4.54,2.54,1
0,0,10.16,0
2.54,0,7.62,1
-2.54,0,7.62,0
-2.54,-4.54,-2.54,0
-2.54,-6.8,-2.54,0
7.62,0,5.08,0
-2.54,0,-12.7,1
-10.16,0,-10.16,0
-5.08,4.54,7.62,1
-10.16,0,-7.62,0
5.08,-11.8,5.08,1
-5.08,0,-7.62,1
-7.62,0.45,-15.24,0
-2.54,0,0,0
-2.54,0,2.54,0
-2.54,9.08,-5.08,1
15.24,0,12.7,0
-2.54,0,0,1
2.54,0,2.54,1
2.54,0,-5.08,0
-7.62,0,-10.16,0
10.16,0,0,0
-10.16,-6.8,-15.24,0
7.62,-4.53,12.7,1
-10.16,0,-15.24,0
-5.08,0,-7.62,1
-5.08,9.08,-2.54,0
-2.54,0,12.7,0
12.7,0,-7.62,0
-5.08,0,0,1
0,-9.07,-12.7,0
10.16,0,7.62,1
2.54,0,-5.08,1
-5.08,0,0,1
0,6.8,-7.62,0
2.54,3.63,-10.16,1
-2.54,0,-7.62,1
0,0,-10.16,1
2.54,0,-2.54,0
7.62,4.53,-2.54,1
10.16,-9.08,-10.16,0
2.54,0,0,1
-10.16,-4.54,-2.54,1
2.54,0,-7.62,1
10.16,-6.8,15.24,1
-2.54,-4.53,10.16,0
7.62,0,17.78,0
-5.08,0,0,1
-12.7,0,-15.24,0
5.08,0,15.24,0
-5.08,0,-5.08,0
-10.16,-4.54,-7.62,1
-15.24,0,-20.32,1
-12.7,0,-10.16,1
-2.54,0,-2.54,0
5.08,6.8,-2.54,1
7.62,4.54,0,1
-10.16,0,2.54,0
7.62,-6.8,5.08,1
-5.08,0,-10.16,0
2.54,0,5.08,1
10.16,4.54,7.62,1
-10.16,-4.54,-10.16,1
10.16,0,12.7,1
-7.62,0,-5.08,1
-10.16,4.54,5.08,1
0,0,2.54,0
0,0,-7.62,1
-10.16,-11.34,-17.78,1
2.54,0,15.24,0
5.08,0,2.54,0
2.54,9.08,2.54,1
-7.62,0,-7.62,0
0,0,-2.54,0
-7.62,0,-5.08,1
-2.54,0,-5.08,0
-5.08,0,-7.62,1
0,-4.54,12.7,1
10.16,-1.36,15.24,0
-5.08,0,-2.54,0
2.54,4.54,20.32,1
2.54,0,2.54,1
2.54,0,0,1
5.08,11.34,-2.54,1
-5.08,0,-7.62,0
0,-6.8,-5.08,0
7.62,0,10.16,1
7.62,0,-2.54,0
-10.16,0,0,0
-5.08,-1.81,0,1
-5.08,0,-7.62,1
2.54,0,-10.16,1
2.54,0,10.16,1
-2.54,0,7.62,0
-10.16,4.53,-2.54,1
-2.54,0,-7.62,1
2.54,0,5.08,0
-10.16,6.8,-5.08,1
-2.54,0,-10.16,1
-5.08,0,-12.7,1
2.54,0,-7.62,0
2.54,4.54,5.08,0
2.54,0,2.54,0
2.54,9.08,2.54,1
0,0,2.54,1
0,-9.08,0,0
-5.08,0,-12.7,0
0,0,7.62,1
-2.54,6.8,0,1
-7.62,17.23,-12.7,0
-2.54,6.8,-2.54,1
-5.08,0,-12.7,1
2.54,9.07,7.62,1
10.16,0,17.78,1
7.62,6.8,0,1
-10.16,11.34,-20.32,0
-2.54,0,2.54,1
0,2.27,2.54,0
-2.54,0,0,1
-5.08,0,0,1
2.54,0,-5.08,1
-7.62,0,-5.08,1
-2.54,0,0,1
0,0,2.54,1
-12.7,-9.08,-12.7,0
-5.08,0,2.54,1
-5.08,0,-7.62,1
-7.62,-6.8,0,1
-5.08,0,-5.08,1
7.62,4.54,2.54,1
2.54,0,5.08,1
-5.08,6.8,-7.62,1
-10.16,0,-7.62,0
2.54,4.54,17.78,1
2.54,6.8,5.08,1
-5.08,-9.08,-2.54,0
-10.16,0,-10.16,1
-10.16,0,0,1
2.54,0,2.54,1
7.62,0,10.16,0
-10.16,0,-15.24,1
-2.54,4.54,-2.54,1
10.16,4.54,7.62,1
-7.62,-6.8,-2.54,0
2.54,-4.53,-5.08,0
-2.54,0,-2.54,1
7.62,-6.8,2.54,1
5.08,0,-2.54,1
0,0,2.54,1
5.08,0,2.54,1
-7.62,0,-7.62,1
-5.08,0,5.08,1
-2.54,-4.53,5.08,0
-7.62,-4.54,-5.08,0
0,-4.54,0,0
-2.54,15.88,-12.7,1
-2.54,0,-15.24,1
-10.16,0,-15.24,1
0,4.54,-2.54,1
-2.54,4.54,-10.16,0
5.08,0,0,1
-10.16,0,-7.62,0
-2.54,0,2.54,1
0,0,-7.62,0
-5.08,-4.54,-2.54,1
12.7,0,12.7,1
0,-4.54,5.08,1
2.54,0,2.54,1
-10.16,0,2.54,1
2.54,0,12.7,0
-5.08,0,-12.7,0
0,0,-2.54,1
-7.62,4.53,0,0
-2.54,0,-2.54,1
-2.54,-4.54,-2.54,0
0,0,-2.54,1
-7.62,0,0,0
-2.54,0,-7.62,0
10.16,0,2.54,0
-20.32,-7.26,-15.24,1
2.54,0,-2.54,1
0,0,-2.54,1
-7.62,0,-10.16,0
-2.54,0,-2.54,0
-7.62,-4.54,-2.54,0
0,0,5.08,0
-5.08,-4.54,-5.08,0
0,0,-10.16,0
-2.54,0,-5.08,0
12.7,-5.45,10.16,1
2.54,0,-2.54,1
-15.24,0,-10.16,0
7.62,0,5.08,0
10.16,0,17.78,0
0,4.54,0,1
2.54,0,5.08,0
10.16,0,0,0
-2.54,-4.53,-10.16,0
10.16,9.08,7.62,0
5.08,0,5.08,1
2.54,4.53,-5.08,1
5.08,0,-2.54,1
12.7,2.27,20.32,0
2.54,-4.53,10.16,0
2.54,-6.8,-2.54,0
7.62,6.8,7.62,0
-2.54,0,-7.62,0
-2.54,0,17.78,0
-7.62,0,-12.7,1
0,0,2.54,0
7.62,0,0,1
5.08,-6.8,10.16,1
-10.16,-4.54,5.08,0
-7.62,0,-15.24,0
-2.54,-4.54,-7.62,1
5.08,0,5.08,1
7.62,0,10.16,1
-5.08,0,5.08,1
10.16,0,15.24,1
15.24,0,17.78,1
5.08,0,5.08,1
-7.62,0,-2.54,0
2.54,0,2.54,1
-2.54,-6.8,-2.54,0
0,0,2.54,1
-2.54,4.53,-5.08,0
2.54,0,0,1
0,0,5.08,0
0,0,15.24,0
0,0,-7.62,0
2.54,0,-2.54,1
-10.16,0,-7.62,0
-10.16,0,0,0
-2.54,0,-2.54,1
-12.7,0,-7.62,0
2.54,0,15.24,1
-7.62,-6.8,-5.08,0
-10.16,-4.54,-7.62,1
2.54,-10.89,5.08,0
7.62,0,0,1
0,0,2.54,0
-10.16,-20.41,-10.16,0
-10.16,0,-2.54,0
-5.08,0,-10.16,0
-7.62,0,-10.16,0
7.62,0,-5.08,0
-5.08,0,2.54,0
-7.62,0,-2.54,1
-5.08,2.27,-12.7,1
-12.7,0,-15.24,0
5.08,0,2.54,1
2.54,20.42,2.54,0
-2.54,0,0,1
-2.54,-4.54,-12.7,0
-7.62,0,-7.62,1
0,0,5.08,1
2.54,-4.54,5.08,0
-2.54,0,-7.62,0
0,-6.8,2.54,0
2.54,0,10.16,1
0,0,2.54,1
0,0,-2.54,0
-5.08,0,-7.62,1
2.54,-9.08,-2.54,0
-7.62,0,-7.62,0
2.54,4.53,-7.62,1
5.08,0,2.54,0
2.54,0,2.54,1
-5.08,0,0,1
2.54,0,-10.16,0
0,4.54,0,0
-12.7,-9.08,0,0
5.08,4.54,2.54,0
-5.08,0,-12.7,0
2.54,0,10.16,1
15.24,15.88,20.32,0
5.08,0,7.62,0
10.16,4.54,2.54,1
-7.62,4.54,0,1
-7.62,4.54,-5.08,1
5.08,0,7.62,0
-5.08,0,-12.7,1
2.54,0,5.08,1
10.16,6.8,2.54,0
2.54,0,-2.54,1
-7.62,0,2.54,1
-2.54,0,0,0
0,-9.08,10.16,1
-2.54,-10.89,15.24,1
0,0,10.16,1
-5.08,-6.8,-7.62,1
0,6.8,-5.08,1
0,0,2.54,0
5.08,0,2.54,0
-7.62,-9.08,-20.32,1
5.08,-11.34,-5.08,0
-5.08,-4.54,-5.08,1
-7.62,6.35,0,1
-2.54,-9.08,5.08,1
0,4.54,0,1
-10.16,0,-10.16,0
10.16,0,5.08,1
0,0,-2.54,0
-2.54,0,-5.08,1
2.54,0,7.62,1
2.54,0,0,1
-5.08,0,5.08,1
7.62,0,-2.54,0
10.16,0,15.24,1
-10.16,-4.54,-12.7,1
-5.08,0,-12.7,0
-5.08,0,-17.78,1
-5.08,0,-2.54,0
0,0,7.62,0
-5.08,6.8,-5.08,1
2.54,0,5.08,0
-10.16,-2.27,-15.24,0
2.54,0,5.08,0
-5.08,0,-15.24,1
-2.54,4.54,0,1
0,4.54,0,1
15.24,0,7.62,1
5.08,0,7.62,0
-2.54,0,-2.54,1
2.54,0,0,0
-5.08,-4.53,-7.62,0
-10.16,0,-17.78,1
-7.62,-8.62,-7.62,0
-2.54,0,2.54,0
-2.54,0,-7.62,1
5.08,0,-2.54,1
2.54,0,5.08,0
2.54,0,-7.62,1
10.16,0,0,1
0,-9.08,2.54,1
-2.54,0,-12.7,0
2.54,0,0,0
5.08,4.54,0,1
-5.08,-4.54,-2.54,0
5.08,0,5.08,1
20.32,11.34,17.78,0
-5.08,4.54,0,0
7.62,0,15.24,0
2.54,4.54,0,0
-7.62,0,2.54,1
12.7,0,12.7,1
2.54,0,5.08,0
5.08,0,10.16,0
-2.54,0,7.62,1
-7.62,0,-2.54,0
0,0,5.08,1
12.7,-11.34,17.78,0
-2.54,0,-12.7,0
0,4.54,10.16,0
0,0,-5.08,0
10.16,4.54,7.62,0
5.08,0,10.16,0
-2.54,-9.08,2.54,1
-2.54,0,-7.62,1
0,0,7.62,0
-2.54,-4.54,2.54,0
7.62,0,-5.08,1
0,4.99,2.54,1
15.24,-6.8,15.24,1
-12.7,0,-15.24,0
0,4.54,-5.08,0
5.08,6.8,-2.54,1
0,0,-15.24,0
-7.62,0,-7.62,1
0,-4.53,-5.08,1
-2.54,0,0,0
-2.54,0,0,0
-5.08,0,0,1
-7.62,0,-10.16,1
-15.24,0,-20.32,0
5.08,7.71,2.54,1
-2.54,0,5.08,1
5.08,9.08,2.54,1
-2.54,0,-5.08,0
-2.54,0,0,0
-12.7,0,0,1
0,0,5.08,1
2.54,0,5.08,1
-2.54,0,0,0
0,0,2.54,1
0,0,-2.54,1
-5.08,0,2.54,1
-10.16,6.8,-15.24,1
0,7.26,5.08,1
-2.54,0,-5.08,1
-5.08,0,0,1
-5.08,0,-7.62,1
5.08,0,10.16,1
-2.54,0,-12.7,0
7.62,0,15.24,1
-2.54,4.53,-2.54,1
0,0,-12.7,1
-12.7,4.54,-20.32,0
7.62,-4.54,2.54,0
-5.08,0,-7.62,1
0,6.8,0,0
2.54,0,-7.62,1
7.62,0,-2.54,1
-2.54,0,-5.08,1
-5.08,0,-20.32,0
5.08,0,7.62,1
0,0,7.62,1
2.54,4.54,5.08,0
0,-4.54,-7.62,1
-7.62,13.6,-7.62,1
0,0,-7.62,1
5.08,11.34,2.54,1
-2.54,4.54,-2.54,0
-7.62,4.54,-5.08,1
5.08,-6.8,-2.54,0
0,0,-5.08,1
0,0,2.54,0
7.62,0,0,0
0,0,-2.54,1
-2.54,0,2.54,1
-2.54,-9.07,2.54,0
2.54,0,5.08,1
0,-4.54,-5.08,1
5.08,6.8,5.08,1
-5.08,0,0,0
-12.7,0,0,0
7.62,0,12.7,1
-12.7,-4.54,-17.78,0
-5.08,0,0,1
0,4.54,-2.54,1
-2.54,4.54,-12.7,1
5.08,0,5.08,1
7.62,0,2.54,0
-2.54,0,-12.7,0
-5.08,-4.54,7.62,1
7.62,4.53,5.08,0
2.54,-4.53,2.54,1
7.62,6.8,10.16,0
5.08,0,2.54,0
5.08,0,5.08,1
-2.54,0,-2.54,1
-7.62,-9.08,-2.54,0
5.08,-9.08,-5.08,1
-2.54,0,-2.54,1
0,0,-5.08,1
2.54,0,-10.16,1
0,0,-2.54,1
0,0,2.54,0
5.08,-4.54,0,0
-2.54,-4.54,-10.16,1
-2.54,0,-2.54,1
0,0,5.08,1
-2.54,0,-2.54,0
0,4.53,5.08,1
-7.62,0,-7.62,0
-2.54,0,15.24,0
0,0,-5.08,1
-7.62,0,-10.16,1
5.08,0,-5.08,0
7.62,6.8,7.62,0
10.16,4.54,-2.54,1
0,6.8,-7.62,0
-5.08,4.53,-12.7,1
-5.08,0,-2.54,1
-5.08,0,-5.08,1
-2.54,0,10.16,0
2.54,6.8,2.54,0
0,0,7.62,1
-7.62,-4.54,-5.08,1
5.08,0,-2.54,1
5.08,-6.8,-2.54,0
-10.16,0,-12.7,0
-5.08,8.62,5.08,1
-5.08,4.53,-10.16,1
7.62,0,2.54,1
-2.54,0,-5.08,0
0,0,-10.16,0
-2.54,0,-15.24,0
0,0,2.54,0
-5.08,0,-5.08,0
2.54,0,2.54,0
0,0,-7.62,0
0,-4.54,0,1
10.16,6.8,10.16,0
2.54,0,-2.54,1
-2.54,0,-5.08,1
5.08,0,-5.08,0
12.7,0,2.54,1
0,0,-7.62,1
-2.54,0,5.08,0
2.54,0,-12.7,1
2.54,6.81,5.08,0
5.08,4.53,-5.08,0
2.54,-4.54,0,0
-7.62,28.13,5.08,1
2.54,-8.16,-2.54,1
2.54,-4.53,0,0
7.62,0,7.62,0
-2.54,0,-7.62,1
2.54,0,12.7,1
-5.08,0,-2.54,1
-2.54,0,2.54,1
-5.08,-4.54,-10.16,1
-7.62,-26.76,2.54,0
0,0,-12.7,0
-5.08,-4.54,-7.62,0
-2.54,0,0,0
0,4.53,-12.7,0
-2.54,0,0,1
5.08,0,7.62,1
0,10.89,-7.62,0
-2.54,0,-10.16,0
-5.08,0,-7.62,1
7.62,0,2.54,0
-7.62,0,-2.54,0
10.16,0,7.62,1
5.08,6.8,-5.08,1
-5.08,-4.54,0,0
-5.08,-6.8,-2.54,0
5.08,11.34,10.16,1
-2.54,0,0,0
5.08,0,-2.54,0
5.08,0,-5.08,0
2.54,-4.54,0,0
2.54,0,2.54,1
-10.16,0,-7.62,0
12.7,0,7.62,1
2.54,4.54,0,0
0,0,2.54,1
2.54,0,10.16,1
-5.08,-11.34,0,0
-2.54,-4.54,-10.16,0
0,0,7.62,1
5.08,0,0,0
-5.08,0,-15.24,1
2.54,6.8,-2.54,1
2.54,9.08,-2.54,1
-12.7,0,-7.62,1
-2.54,0,-2.54,1
5.08,0,15.24,1
-2.54,0,2.54,0
0,0,-7.62,1
5.08,4.53,15.24,1
2.54,-13.6,-2.54,0
5.08,0,0,1
5.08,0,7.62,1
-5.08,-9.08,2.54,1
-2.54,0,-2.54,1
-2.54,0,10.16,0
10.16,6.8,-2.54,0
-5.08,0,-22.86,0
-2.54,-6.8,0,0
2.54,0,-2.54,0
5.08,-4.54,7.62,0
5.08,-6.8,-2.54,1
-2.54,-4.53,7.62,1
-2.54,-8.62,0,1
2.54,0,10.16,0
0,0,2.54,1
2.54,0,2.54,1
0,0,10.16,0
2.54,15.88,12.7,1
7.62,0,2.54,0
-10.16,0,0,0
-7.62,0,-7.62,1
-2.54,-4.54,0,1
-12.7,0,-10.16,1
0,0,2.54,1
-10.16,0,-5.08,1
-10.16,0,-15.24,1
5.08,0,-2.54,1
-2.54,6.8,-5.08,1
-17.78,-9.08,-12.7,0
-17.78,0,-7.62,1
0,0,10.16,1
7.62,6.8,7.62,0
-5.08,6.8,-15.24,0
2.54,0,-5.08,0
2.54,-6.8,0,0
7.62,4.53,7.62,1
17.78,6.8,25.4,0
0,4.53,-2.54,1
-12.7,11.34,-15.24,1
0,0,-5.08,1
-5.08,0,-5.08,0
-2.54,0,0,1
-15.24,-4.54,-10.16,0
-5.08,0,5.08,0
2.54,-0.91,-2.54,0
2.54,0,7.62,1
-10.16,-6.8,-10.16,1
-10.16,-6.8,-17.78,1
5.08,0,0,1
5.08,-6.8,5.08,1
0,6.8,-5.08,1
-7.62,0,-10.16,1
-5.08,11.34,-5.08,1
-5.08,0,0,1
-7.62,0,-7.62,0
-7.62,0,-10.16,0
-2.54,0,5.08,1
-2.54,0,-2.54,1
-2.54,-4.54,-7.62,0
0,0,-7.62,0
-7.62,0,0,0
5.08,-9.08,0,1
-7.62,0,-7.62,1
0,-6.8,-2.54,0
7.62,0,2.54,1
5.08,0,5.08,0
0,-4.54,0,1
0,0,7.62,1
5.08,4.54,5.08,0
-10.16,0,5.08,1
2.54,4.54,-5.08,1
-5.08,6.8,2.54,1
-2.54,0,10.16,0
-5.08,0,0,1
2.54,0,2.54,1
-7.62,-4.54,-7.62,1
0,0,5.08,0
5.08,0,5.08,0
7.62,0,15.24,0
5.08,6.8,5.08,0
12.7,6.8,17.78,1
-10.16,4.54,-12.7,0
-2.54,-11.34,0,1
-7.62,-4.54,-5.08,1
2.54,0,2.54,0
-2.54,0,5.08,0
5.08,0,-5.08,0
-7.62,-4.08,-7.62,0
-10.16,0,-2.54,0
-5.08,0,-10.16,0
0,0.45,7.62,0
10.16,0,5.08,1
2.54,0,7.62,0
-2.54,0,-2.54,0
5.08,4.54,2.54,0
-2.54,0,0,0
-7.62,0,-7.62,1
-5.08,9.08,0,1
-7.62,-9.53,-12.7,0
2.54,0,0,1
2.54,0,7.62,1
17.78,0,10.16,1
-5.08,0,-2.54,1
12.7,9.07,2.54,1
0,-15.42,-7.62,0
-10.16,-8.16,-15.24,0
5.08,0,2.54,1
2.54,0,7.62,1
10.16,6.81,-2.54,0
-10.16,0,-17.78,1
2.54,9.08,-2.54,1
2.54,0,2.54,0
-5.08,0,-17.78,1
-10.16,-15.88,-17.78,1
-2.54,0,7.62,0
5.08,0,5.08,0
2.54,0,7.62,0
0,0,-2.54,1
2.54,0,12.7,1
-10.16,0,-12.7,1
-2.54,9.08,2.54,0
-10.16,0,-12.7,1
5.08,9.08,2.54,1
10.16,0,-5.08,0
7.62,0,12.7,1
-2.54,-4.54,2.54,1
-2.54,0,-2.54,0
12.7,0,7.62,1
7.62,4.54,0,0
-7.62,-6.8,-2.54,1
2.54,0,7.62,0
-15.24,-4.54,-10.16,1
5.08,0,7.62,0
-2.54,0,-12.7,1
5.08,6.8,2.54,1
5.08,0,5.08,0
7.62,0,12.7,1
0,-4.08,-2.54,0
7.62,0,10.16,0
5.08,6.8,0,0
-10.16,0,-7.62,0
-12.7,-1.36,-7.62,0
5.08,0,10.16,1
-7.62,0,-12.7,0
5.08,6.8,-5.08,1
10.16,0,0,1
-2.54,-4.53,12.7,0
12.7,-2.27,17.78,0
2.54,0,17.78,1
10.16,0,15.24,1
-5.08,0,-2.54,1
5.08,0,2.54,0
-2.54,-4.54,10.16,1
0,0,-10.16,0
2.54,0,-5.08,1
0,0,-2.54,1
-2.54,0,-2.54,0
-10.16,-4.54,2.54,0
2.54,0,-2.54,1
5.08,0,-15.24,1
5.08,6.8,-2.54,0
-2.54,0,-2.54,1
2.54,0,15.24,1
0,0,5.08,0
7.62,0,12.7,0
0,0,-5.08,1
7.62,-4.53,2.54,0
7.62,0,7.62,1
-2.54,0,-5.08,1
-5.08,0,-5.08,1
-5.08,0,0,0
-2.54,0,7.62,0
-7.62,0,0,1
2.54,0,-12.7,1
2.54,0,0,1
7.62,0,10.16,0
0,0,-2.54,0
0,13.6,2.54,1
0,0,2.54,0
0,0.91,7.62,1
12.7,0,7.62,1
5.08,0,-5.08,1
-12.7,-4.54,-7.62,1
0,0,-2.54,0
2.54,0,2.54,0
12.7,20.41,5.08,1
10.16,0,12.7,1
-10.16,-4.54,-10.16,0
2.54,4.54,2.54,0
10.16,0,15.24,0
-2.54,0,12.7,1
0,-6.8,-5.08,1
5.08,-21.77,12.7,1
-10.16,0,-7.62,1
0,0,2.54,0
-2.54,0,0,0
-2.54,0,7.62,1
-5.08,0,-12.7,0
12.7,0,17.78,0
5.08,13.6,0,1
-15.24,0,-15.24,1
-2.54,0,2.54,1
5.08,4.54,7.62,1
2.54,0,-2.54,0
-5.08,-4.54,-2.54,0
17.78,-5.89,17.78,1
2.54,0,12.7,0
2.54,0,2.54,0
5.08,4.53,5.08,0
2.54,4.54,15.24,1
-7.62,-11.34,-7.62,1
7.62,9.08,5.08,1
5.08,15.88,15.24,1
0,0,-2.54,0
-7.62,13.6,-15.24,1
0,0,5.08,0
-5.08,0,-12.7,1
0,0,-5.08,0
-2.54,0,5.08,1
-2.54,-6.8,0,1
5.08,0,15.24,1
0,0,-5.08,1
-10.16,0,2.54,1
-10.16,-4.54,-7.62,0
0,-4.53,0,1
0,0,7.62,0
-5.08,0,0,1
-2.54,0,-2.54,1
-5.08,0,-5.08,0
-5.08,0,-5.08,1
-2.54,0,0,1
-2.54,0,-2.54,0
-7.62,-8.16,-7.62,0
7.62,0,-2.54,1
-7.62,0,-5.08,1
-5.08,-6.8,2.54,1
-2.54,0,-5.08,1
-5.08,-11.34,0,1
2.54,-4.54,7.62,1
2.54,-4.53,10.16,0
-7.62,0,2.54,1
0,0,-17.78,0
15.24,6.8,5.08,1
0,0,5.08,0
-10.16,0,-12.7,1
-10.16,0,5.08,0
-7.62,0,-2.54,1
0,0,-5.08,0
0,9.08,12.7,0
-2.54,0,0,0
15.24,0,20.32,1
2.54,2.72,10.16,1
-5.08,0,-2.54,0
7.62,0,10.16,1
-7.62,-2.27,-12.7,1
0,9.08,7.62,1
0,0,5.08,1
-7.62,2.26,0,1
0,0,-5.08,1
5.08,0,2.54,0
0,0,-7.62,1
0,4.53,-5.08,1
2.54,0,2.54,0
-7.62,0,0,0
2.54,0,7.62,1
-5.08,-9.08,-7.62,0
-5.08,0,2.54,1
-2.54,0,-5.08,0
2.54,0,0,1
2.54,0,-5.08,1
7.62,9.08,-2.54,1
2.54,0,2.54,1
10.16,0,15.24,0
-15.24,0,-15.24,1
-5.08,-4.54,-5.08,0
7.62,4.54,-5.08,1
5.08,0,-5.08,1
-2.54,4.54,-15.24,0
2.54,4.54,2.54,0
-17.78,0,-15.24,0
2.54,0,12.7,0
10.16,24.94,5.08,0
-5.08,0,-5.08,1
7.62,-4.54,10.16,1
10.16,4.54,12.7,1
-12.7,-4.54,-10.16,1
0,0,-2.54,0
-2.54,-4.53,-7.62,1
5.08,-6.8,-2.54,0
-2.54,-4.54,-15.24,0
0,0,5.08,0
-5.08,0,-2.54,0
-5.08,-4.54,-12.7,1
0,0,7.62,0
2.54,0,-7.62,0
2.54,0,-2.54,1
2.54,21.77,7.62,1
-2.54,0,-2.54,1
5.08,-4.54,2.54,1
2.54,0,0,1
-7.62,0,-5.08,0
0,0,-7.62,0
7.62,0,7.62,0
0,0,2.54,0
-2.54,0,7.62,1
0,6.8,5.08,1
5.08,-4.54,0,0
2.54,0,-2.54,1
-10.16,0,-7.62,0
5.08,2.72,0,0
2.54,0,7.62,1
0,0,7.62,0
7.62,0,0,1
10.16,0,15.24,1
12.7,0,12.7,0
-15.24,6.8,-27.94,0
5.08,0,12.7,1
7.62,0,5.08,0
5.08,0,-5.08,0
2.54,0,7.62,0
-5.08,0,-7.62,0
0,0,-2.54,1
5.08,0,5.08,1
0,9.08,0,0
15.24,-4.54,15.24,0
2.54,6.8,0,0
-2.54,0,-2.54,0
-7.62,-4.54,2.54,1
0,0,-5.08,1
-2.54,0,-2.54,1
2.54,0,5.08,0
2.54,-4.54,-7.62,1
2.54,-6.8,-5.08,1
-5.08,0,0,1
5.08,6.8,7.62,0
2.54,0,-2.54,0
2.54,0,0,1
15.24,0,12.7,0
-5.08,0,-10.16,0
-2.54,0,-7.62,0
7.62,0,-5.08,0
-2.54,0,-2.54,0
0,11.34,7.62,1
-2.54,-4.53,17.78,1
5.08,0,12.7,1
5.08,20.42,-5.08,1
-5.08,4.54,-12.7,1
2.54,0,0,1
-5.08,0,-2.54,1
-5.08,0,-12.7,0
2.54,0,0,0
0,-4.54,-5.08,1
-10.16,0,0,1
0,-4.53,2.54,1
-5.08,0,-7.62,0
5.08,9.08,-5.08,0
0,0,-5.08,1
5.08,0,5.08,1
-2.54,4.54,0,0
0,4.53,2.54,1
10.16,-6.8,2.54,1
7.62,0,0,0
-10.16,-9.08,-10.16,0
5.08,0,-2.54,0
-2.54,0,-10.16,1
0,6.8,7.62,0
2.54,-6.8,7.62,0
-5.08,0,-7.62,0
5.08,0,5.08,0
-5.08,0,-12.7,1
-2.54,0,-12.7,1
0,0,-2.54,1
5.08,4.54,10.16,0
10.16,-4.54,15.24,1
0,0,-10.16,0
0,0,-2.54,1
-5.08,4.54,-5.08,1
-7.62,-4.54,-10.16,1
0,0,2.54,0
-2.54,6.8,-10.16,0
2.54,0,0,1
0,0,2.54,1
5.08,21.77,12.7,0
5.08,0,10.16,1
-2.54,4.53,-2.54,1
5.08,0,-7.62,1
-5.08,0,-2.54,0
-10.16,6.8,-7.62,0
5.08,4.54,-10.16,1
12.7,0,15.24,0
2.54,0,2.54,1
2.54,6.8,15.24,1
0,-15.87,7.62,1
-7.62,22.68,2.54,1
0,0,-12.7,0
7.62,0,2.54,1
5.08,0,12.7,0
-2.54,0,-5.08,0
-7.62,-4.54,-7.62,1
0,0,-7.62,1
0,0,7.62,0
0,0,7.62,1
-2.54,-6.8,2.54,1
-7.62,0,-5.08,1
-7.62,0,-15.24,0
2.54,6.8,2.54,1
-5.08,-4.54,-7.62,1
-5.08,-4.54,-2.54,1
2.54,0,5.08,1
-2.54,4.54,5.08,1
0,0,-12.7,1
5.08,-4.53,10.16,0
2.54,0,-7.62,0
2.54,0,2.54,0
-5.08,0,-5.08,1
5.08,0,2.54,1
-5.08,0,-5.08,0
5.08,0,2.54,0
27.94,8.16,25.4,1
2.54,4.54,0,1
-7.62,0,-7.62,0
7.62,0,-2.54,0
7.62,0,2.54,1
-5.08,0,-5.08,0
7.62,0,7.62,0
5.08,0,7.62,1
0,0,2.54,1
-2.54,-6.8,-10.16,0
-2.54,0,0,0
5.08,4.53,-5.08,0
-7.62,4.54,-12.7,0
-5.08,-6.81,-2.54,1
-10.16,0,-5.08,1
2.54,0,0,0
2.54,4.54,7.62,1
-7.62,0,-5.08,1
-10.16,-0.46,-22.86,1
-5.08,6.8,0,1
2.54,9.08,7.62,0
-10.16,0,5.08,1
10.16,0,10.16,0
2.54,0,0,1
0,0,5.08,1
0,0,-2.54,1
2.54,0,10.16,1
0,0,5.08,1
12.7,0,15.24,0
-2.54,0,-2.54,0
-2.54,0,5.08,0
-5.08,0,0,1
2.54,0,5.08,1
7.62,0,2.54,1
0,4.54,10.16,1
5.08,0,2.54,0
-5.08,0,-10.16,1
-7.62,0,-12.7,0
0,-11.34,0,1
-5.08,-10.89,-5.08,1
-2.54,0,-2.54,0
5.08,0,-2.54,0
-12.7,-4.54,-7.62,1
2.54,-4.53,5.08,0
0,0,2.54,1
-15.24,0,-10.16,1
0,-6.8,2.54,1
0,-4.54,-2.54,0
7.62,0,2.54,1
10.16,-11.34,2.54,1
-7.62,0,-12.7,1
2.54,0,2.54,1
10.16,4.53,7.62,1
-2.54,0,10.16,1
5.08,0,-5.08,0
-2.54,0,2.54,1
-2.54,0,-7.62,1
0,0,-5.08,1
-5.08,-4.54,2.54,1
5.08,0,0,0
7.62,0,-5.08,1
2.54,0,-5.08,0
0,0,-15.24,0
0,6.8,-2.54,1
7.62,6.8,5.08,0
0,0,5.08,1
-10.16,6.8,-5.08,0
12.7,0,15.24,0
5.08,0,7.62,1
2.54,0,-10.16,1
2.54,0,5.08,1
-7.62,-4.54,-10.16,0
10.16,0,20.32,0
0,0,-10.16,1
2.54,0,-5.08,1
-2.54,4.54,-17.78,1
-2.54,0,7.62,1
0,-15.88,-5.08,1
17.78,4.54,17.78,1
2.54,0,2.54,1
0,-4.08,-2.54,0
2.54,0,2.54,1
0,20.41,-5.08,0
5.08,0,0,0
5.08,4.54,2.54,0
7.62,0,10.16,0
0,0,5.08,0
5.08,0,7.62,1
5.08,0,0,1
-7.62,-6.8,-12.7,0
10.16,8.61,2.54,1
5.08,0,2.54,1
7.62,4.53,7.62,0
5.08,0,5.08,1
12.7,20.41,25.4,1
-2.54,0,-7.62,0
7.62,0,-5.08,1
-7.62,6.8,5.08,1
2.54,0,12.7,1
-2.54,0,0,0
0,-4.54,0,1
15.24,0,7.62,0
5.08,0,12.7,1
-7.62,0,-12.7,1
5.08,-3.18,15.24,0
5.08,0,7.62,0
10.16,4.53,7.62,1
-10.16,0,-2.54,0
-2.54,0,-5.08,0
-2.54,0,-10.16,1
-2.54,0,-5.08,1
-10.16,9.08,-5.08,0
-5.08,0,-10.16,0
-7.62,22.68,-12.7,1
2.54,0,5.08,1
-12.7,-6.81,-5.08,1
0,4.54,-2.54,0
0,6.8,-5.08,0
2.54,0,2.54,1
0,6.8,2.54,0
0,-9.08,0,1
2.54,0,2.54,1
5.08,0,5.08,1
0,-9.08,-5.08,1
5.08,0,5.08,1
-5.08,0,-7.62,0
7.62,0,0,1
-7.62,0,-2.54,1
-7.62,-9.08,5.08,1
5.08,0,-10.16,0
-2.54,0,2.54,0
-7.62,1.36,-15.24,0
2.54,0,2.54,1
0,0,-7.62,0
2.54,0,12.7,0
0,0,2.54,1
5.08,6.8,0,1
2.54,-4.53,10.16,1
-2.54,6.8,2.54,1
0,0,2.54,0
5.08,-6.8,-5.08,1
-5.08,0,-5.08,1
-2.54,0,-5.08,1
2.54,-4.54,7.62,0
5.08,0,-2.54,1
5.08,0,5.08,1
7.62,0,-2.54,0
2.54,-4.53,10.16,0
-2.54,0,0,1
-7.62,0,-2.54,1
-2.54,0,-2.54,1
5.08,0,5.08,0
5.08,0,2.54,1
7.62,0,-5.08,1
5.08,0,7.62,1
-2.54,0,2.54,1
2.54,-4.54,-2.54,1
-12.7,0,-10.16,1
10.16,0,12.7,0
7.62,0,0,0
-5.08,0,7.62,1
-2.54,0,-2.54,0
0,0,2.54,1
-2.54,4.54,12.7,0
-7.62,0,-2.54,0
2.54,0,-2.54,0
2.54,0,-5.08,1
0,0,5.08,0
-2.54,6.8,5.08,0
0,4.53,0,1
-5.08,4.54,-5.08,1
-5.08,6.8,0,1
-2.54,4.54,7.62,0
0,20.41,10.16,0
0,-4.08,-7.62,0
2.54,0,-5.08,1
-2.54,4.54,5.08,1
-5.08,0,-7.62,1
-2.54,0,0,0
2.54,0,-7.62,1
5.08,9.08,5.08,1
-2.54,6.8,-12.7,1
-12.7,0,-10.16,1
0,0,-2.54,1
7.62,0,10.16,1
2.54,11.34,7.62,1
-17.78,-0.45,-5.08,0
0,0,2.54,0
5.08,0,5.08,1
-7.62,0,0,1
-5.08,0,7.62,1
10.16,0,17.78,1
12.7,4.54,7.62,0
2.54,0,5.08,1
2.54,0,-12.7,1
5.08,0,-2.54,1
2.54,19.5,10.16,1
-2.54,-4.53,5.08,1
-2.54,4.54,-7.62,0
0,0,-10.16,1
0,0,-7.62,1
-2.54,0,2.54,1
7.62,0,0,1
-10.16,0,-5.08,1
-7.62,0,2.54,0
-2.54,21.77,-5.08,1
0,-6.8,-15.24,0
5.08,0,2.54,1
10.16,4.54,12.7,1
0,-4.54,2.54,1
-7.62,-6.8,-7.62,0
-5.08,0,-7.62,0
-2.54,0,5.08,0
12.7,0,17.78,0
-5.08,0,-2.54,1
-5.08,0,0,0
-2.54,-6.8,0,1
0,12.25,2.54,0
2.54,8.16,7.62,1
0,-6.8,7.62,1
0,7.26,-2.54,1
-5.08,0,-10.16,0
-2.54,-15.88,-2.54,0
0,0,7.62,1
-7.62,0,-7.62,0
-2.54,-28.13,7.62,1
0,6.8,-5.08,0
-12.7,0.45,-17.78,1
-15.24,6.8,-22.86,0
2.54,6.8,2.54,1
-5.08,0,-22.86,1
7.62,-9.08,7.62,0
10.16,4.54,5.08,1
-12.7,0,-10.16,0
10.16,4.54,17.78,1
2.54,0,-5.08,0
-5.08,-6.8,-5.08,1
2.54,0,15.24,1
-7.62,-6.8,-5.08,0
5.08,0,10.16,0
12.7,0,7.62,0
7.62,0,12.7,1
7.62,4.53,7.62,1
7.62,0,2.54,0
-2.54,0,0,0
2.54,0,10.16,1
-2.54,0,-2.54,1
5.08,6.8,2.54,1
7.62,0,2.54,1
15.24,4.54,12.7,0
2.54,0,5.08,0
2.54,0,-5.08,1
10.16,6.8,0,1
5.08,0,5.08,0
-7.62,0,-15.24,0
0,0,-2.54,1
12.7,0,7.62,1
-2.54,0,-2.54,1
0,-6.8,-2.54,0
7.62,0,-7.62,0
-7.62,-8.16,0,1
7.62,0,7.62,1
5.08,-6.8,-7.62,1
5.08,6.8,2.54,1
5.08,0,0,1
-2.54,4.54,-7.62,1
5.08,0,12.7,1
5.08,6.8,5.08,1
-10.16,-6.8,-10.16,0
-5.08,0,-12.7,0
-5.08,0,2.54,0
5.08,11.34,0,0
-7.62,6.8,-15.24,0
-5.08,-0.91,-5.08,1
5.08,0,15.24,1
0,0,2.54,1
-2.54,9.08,0,1
5.08,0,0,1
0,6.8,5.08,1
5.08,8.61,10.16,1
-7.62,4.53,-7.62,0
2.54,0,0,0
-7.62,-4.54,-15.24,0
0,0,10.16,1
-2.54,-6.8,0,0
12.7,0,7.62,0
0,-6.8,-2.54,0
2.54,0,-2.54,1
0,0,-10.16,0
2.54,0,0,1
2.54,0,0,0
-7.62,6.8,-2.54,0
0,0,7.62,1
2.54,0,-5.08,0
-5.08,0,-2.54,0
2.54,0,7.62,0
7.62,-4.53,-7.62,1
-2.54,-6.8,-2.54,0
-7.62,0,-5.08,1
-2.54,-9.08,-7.62,0
5.08,4.54,10.16,0
7.62,0,-5.08,1
-7.62,11.34,-2.54,1
5.08,0,-2.54,1
-5.08,0,-5.08,1
2.54,9.08,7.62,1
-7.62,0,-2.54,1
2.54,0,7.62,1
0,0,-2.54,0
-2.54,0,-12.7,0
-7.62,0,0,1
5.08,0,7.62,1
5.08,0,10.16,0
2.54,0,-2.54,0
-2.54,0,-2.54,1
2.54,0,-5.08,0
7.62,0,0,1
-12.7,0,-7.62,1
0,-12.25,-7.62,0
-5.08,-6.8,-7.62,0
2.54,0,-2.54,0
0,4.54,2.54,1
5.08,0,5.08,0
0,4.53,0,0
-2.54,0,7.62,0
-2.54,-4.54,-7.62,1
-5.08,0,5.08,1
5.08,3.18,22.86,1
-5.08,-9.08,-10.16,0
-2.54,0,2.54,0
2.54,0,-2.54,0
5.08,0,0,1
5.08,0,-5.08,1
0,0,2.54,1
-15.24,0,-10.16,1
0,6.8,0,1
7.62,-6.8,-5.08,1
5.08,0,2.54,0
-5.08,0,-17.78,0
-2.54,-6.8,0,1
0,-4.54,5.08,1
-2.54,0,-12.7,0
0,-4.54,-2.54,0
0,0,2.54,0
-7.62,0,-5.08,1
12.7,0,7.62,1
2.54,4.53,5.08,0
2.54,4.54,0,1
-12.7,-6.8,-10.16,0
5.08,6.8,-5.08,1
-2.54,-9.08,-2.54,0
17.78,0,7.62,1
0,6.8,2.54,0
0,4.54,0,1
7.62,0,12.7,1
-2.54,4.54,-10.16,1
-5.08,0,-10.16,1
2.54,0,-7.62,1
-5.08,0,-5.08,0
5.08,0,7.62,1
-12.7,-20.42,-12.7,1
-12.7,-4.54,-12.7,1
5.08,0,-2.54,0
-10.16,9.07,-12.7,0
-2.54,6.8,10.16,1
15.24,0,22.86,1
-5.08,-11.34,-2.54,1
2.54,-4.53,7.62,0
0,0,-2.54,0
5.08,0,-12.7,1
-2.54,0,-5.08,0
2.54,0,2.54,1
-7.62,4.54,-7.62,0
15.24,-6.8,15.24,0
-2.54,0,-7.62,0
-2.54,0,-7.62,1
-15.24,0.45,-25.4,1
0,0,15.24,0
22.86,0,22.86,0
2.54,6.8,5.08,1
2.54,0,2.54,1
0,-11.34,-2.54,0
0,0,5.08,0
0,0,-7.62,1
2.54,0,0,1
-2.54,4.54,2.54,1
5.08,6.8,12.7,1
2.54,6.8,2.54,0
-5.08,0,-10.16,0
5.08,0,2.54,0
2.54,0,2.54,0
0,4.54,0,0
2.54,0,5.08,0
0,0,10.16,1
5.08,0,-7.62,0
0,4.53,-2.54,0
2.54,-4.53,2.54,0
0,0,-7.62,1
-5.08,0,-7.62,1
-2.54,0,-7.62,1
5.08,0,-5.08,0
-5.08,-6.8,5.08,0
2.54,0,5.08,1
-15.24,13.6,-17.78,1
5.08,0,-2.54,1
-7.62,8.16,-7.62,0
0,-4.53,-7.62,0
-2.54,-4.54,-10.16,1
2.54,0,0,0
0,0,5.08,1
5.08,4.54,2.54,1
-7.62,-6.8,-2.54,0
-7.62,0,-12.7,0
0,9.07,5.08,1
7.62,-5.89,12.7,1
5.08,0,-7.62,0
-2.54,0,0,1
-15.24,0,-7.62,1
2.54,0,5.08,0
-2.54,0,5.08,1
-7.62,0,-22.86,0
0,-4.53,0,1
0,-10.89,-5.08,1
2.54,0,-2.54,1
-2.54,0,-2.54,0
2.54,0,5.08,1
-7.62,0,-2.54,1
12.7,0,7.62,0
-15.24,-9.07,-12.7,0
5.08,0,7.62,0
-5.08,6.8,-12.7,1
2.54,-4.54,-12.7,1
7.62,0,15.24,1
2.54,0,7.62,1
2.54,0,2.54,0
-5.08,0,0,1
0,4.54,-2.54,0
-5.08,0,-7.62,0
-2.54,0,-12.7,0
-5.08,21.77,-5.08,0
0,0,-2.54,1
2.54,0,-5.08,1
5.08,0,5.08,1
-2.54,0,-10.16,1
0,0,2.54,0
-2.54,0,5.08,1
-2.54,0,-5.08,1
-5.08,0,-7.62,0
-2.54,4.53,-7.62,1
2.54,0,2.54,1
2.54,0,5.08,1
-7.62,0,-17.78,1
-10.16,-9.08,-7.62,0
5.08,0,5.08,1
-2.54,0,2.54,1
20.32,11.34,17.78,1
0,-0.45,2.54,1
2.54,0,0,1
-5.08,0,-20.32,1
-2.54,0,-5.08,0
-5.08,6.8,-5.08,1
5.08,0,5.08,1
-2.54,-9.08,0,1
0,0,-2.54,0
0,-4.54,-7.62,1
0,4.53,-2.54,1
0,-4.54,12.7,1
7.62,0,2.54,1
7.62,11.34,5.08,0
-2.54,0,0,1
-10.16,0,-7.62,0
-2.54,0,2.54,0
-15.24,-6.8,-2.54,0
0,0,12.7,0
12.7,0,20.32,0
5.08,15.88,2.54,1
0,0,-7.62,1
-5.08,0,-2.54,0
2.54,0,0,1
-2.54,0,-5.08,1
5.08,0,2.54,1
10.16,0,7.62,1
-5.08,0,-5.08,1
0,0,7.62,0
-7.62,-1.36,-15.24,1
0,1.82,2.54,1
-2.54,0,-12.7,0
5.08,0,2.54,1
0,0,-2.54,0
-2.54,0,15.24,1
-10.16,0,-7.62,1
-2.54,0,-10.16,1
-15.24,-9.07,-12.7,1
-2.54,0,0,1
0,-6.8,2.54,0
-7.62,0,-2.54,1
2.54,0,5.08,0
-7.62,0,-10.16,0
-2.54,0,-10.16,1
-5.08,-6.8,-10.16,1
-5.08,0,7.62,0
-7.62,0,0,1
5.08,0,15.24,1
-2.54,0,-5.08,0
-5.08,0,-2.54,0
-2.54,0,-15.24,1
-5.08,0,-12.7,0
-7.62,-4.54,-20.32,0
-2.54,0,-5.08,1
-7.62,4.54,-12.7,0
-7.62,0,-5.08,1
-2.54,-4.54,-5.08,0
-5.08,0,0,1
10.16,0,12.7,0
15.24,0,7.62,0
0,0,-10.16,1
-12.7,-4.53,-10.16,0
-5.08,0,-10.16,0
2.54,0,2.54,0
2.54,0,2.54,0
5.08,0,7.62,1
7.62,0,10.16,1
0,4.54,2.54,1
2.54,0,-5.08,1
-2.54,0,2.54,0
-5.08,0,-12.7,1
0,0,5.08,1
-5.08,0,-2.54,1
2.54,0,0,0
-10.16,4.53,5.08,1
-7.62,4.08,0,0
0,-4.54,10.16,0
-7.62,-6.8,-7.62,1
5.08,0,5.08,1
-5.08,0,-10.16,1
-5.08,4.53,-5.08,1
2.54,0,2.54,1
-5.08,0,-15.24,0
-2.54,0,-5.08,0
0,0,-5.08,0
-7.62,4.54,-5.08,1
2.54,0,0,0
2.54,0,-10.16,1
-2.54,0,-7.62,1
-2.54,0,2.54,0
-5.08,0,-10.16,0
-5.08,-4.54,-7.62,1
-7.62,0,-10.16,1
0,-6.8,0,0
0,0,-2.54,1
0,0,5.08,1
12.7,0,12.7,1
-5.08,-4.54,-15.24,0
-2.54,-6.8,-15.24,0
0,0,5.08,1
-5.08,6.8,0,1
2.54,0,5.08,1
0,0,-2.54,0
10.16,0,5.08,0
7.62,-13.6,15.24,0
5.08,0,10.16,1
12.7,0,12.7,1
7.62,6.81,5.08,0
-5.08,0,-2.54,1
-2.54,4.53,5.08,1
10.16,0,10.16,1
0,0,5.08,0
2.54,0,5.08,0
7.62,0,5.08,1
0,0,2.54,1
7.62,0,7.62,1
-15.24,0,-15.24,1
0,0,-7.62,0
-5.08,0,-5.08,0
0,0,-10.16,0
-5.08,0,-10.16,1
-7.62,4.54,-7.62,1
15.24,-11.34,20.32,1
2.54,0,2.54,0
5.08,0,2.54,0
-10.16,6.8,-7.62,0
-2.54,-4.54,-5.08,0
-5.08,0,-12.7,0
0,6.8,-5.08,0
-2.54,0,-5.08,1
10.16,0,10.16,0
-5.08,0,0,1
0,0,-5.08,1
-2.54,0,-2.54,1
-10.16,0,-7.62,1
0,-4.54,-5.08,0
-2.54,-6.8,12.7,1
2.54,0,5.08,1
-5.08,-6.8,-2.54,1
7.62,0,10.16,1
5.08,0,-2.54,1
-5.08,0,-7.62,0
-2.54,0,-7.62,1
-7.62,0,2.54,0
-5.08,0,-2.54,0
2.54,0,10.16,1
0,-11.34,7.62,0
0,-4.54,-5.08,0
-5.08,0,-5.08,0
-5.08,0,-17.78,1
5.08,0,10.16,0
0,5.44,7.62,0
-2.54,0,2.54,1
-2.54,0,5.08,1
-2.54,0,-5.08,0
2.54,0,2.54,0
-2.54,-6.8,7.62,1
2.54,6.8,-2.54,1
-10.16,-4.54,-2.54,0
-12.7,-5.89,-5.08,0
-5.08,0,-12.7,1
2.54,6.8,10.16,0
7.62,6.8,5.08,1
-2.54,4.54,-2.54,1
0,0,-5.08,1
2.54,0,-2.54,1
-15.24,0,-10.16,0
0,-13.61,-2.54,0
0,0,-5.08,1
5.08,0,2.54,1
0,-6.8,5.08,1
-2.54,0,-12.7,1
-10.16,0,-2.54,1
-2.54,6.8,-2.54,1
10.16,0,20.32,1
5.08,0,5.08,0
-12.7,0,-5.08,0
-7.62,6.8,-15.24,1
-10.16,-0.91,-17.78,0
-2.54,-4.53,0,0
-2.54,0,-2.54,1
-5.08,0,0,0
2.54,0,2.54,0
2.54,-4.54,-5.08,1
-2.54,0,-5.08,0
-2.54,0,-5.08,1
2.54,0,12.7,1
2.54,6.8,-12.7,0
2.54,5.89,10.16,1
5.08,6.8,0,0
2.54,0,7.62,0
2.54,-4.54,5.08,0
-2.54,0,7.62,0
-5.08,0,2.54,0
7.62,0,12.7,0
-2.54,-6.8,-7.62,1
-12.7,-9.07,-15.24,0
-12.7,0,-2.54,0
-5.08,0,-2.54,0
-7.62,0,-7.62,1
-12.7,0,-10.16,1
-5.08,0,-10.16,1
12.7,0,22.86,1
-7.62,0,-25.4,0
-7.62,4.53,-12.7,1
5.08,0,2.54,1
-7.62,0,-5.08,1
0,6.8,-5.08,1
0,0,7.62,1
0,0,2.54,0
2.54,0,10.16,1
7.62,0,7.62,0
0,0,-2.54,1
0,9.08,0,0
5.08,-4.53,-7.62,0
-2.54,0,10.16,1
-2.54,9.08,-5.08,1
7.62,0,2.54,0
-7.62,0,-5.08,0
0,0,12.7,0
0,0,2.54,0
2.54,0,5.08,0
-2.54,0,0,1
-5.08,0,-7.62,0
10.16,0,15.24,1
-7.62,0,-12.7,1
7.62,4.54,10.16,1
10.16,-6.8,7.62,1
-5.08,6.8,10.16,1
2.54,0,-2.54,0
7.62,0,2.54,1
-10.16,0,0,0
2.54,0,2.54,0
-2.54,0,-2.54,1
0,0,-2.54,1
12.7,5.9,30.48,1
7.62,4.54,0,1
2.54,0,0,1
5.08,0,7.62,1
-5.08,0,2.54,0
-10.16,0,15.24,0
2.54,34.02,-5.08,1
7.62,0,-2.54,1
-2.54,0,-5.08,1
2.54,4.54,12.7,1
0,-9.08,7.62,0
5.08,0,7.62,0
-2.54,0,0,1
2.54,21.77,2.54,1
-5.08,-4.54,-7.62,0
5.08,-4.54,5.08,0
-7.62,4.53,-5.08,1
-5.08,6.8,0,0
-5.08,-20.42,-2.54,1
0,-0.91,-7.62,1
-10.16,-6.8,-15.24,1
-17.78,0,-10.16,1
-2.54,-10.43,-15.24,0
-5.08,0,-5.08,0
-5.08,0,-15.24,1
-5.08,6.8,-17.78,0
0,0,2.54,0
-7.62,-13.6,0,0
-7.62,0,-17.78,1
-10.16,-4.54,-5.08,1
-2.54,-4.54,-7.62,0
0,0,-7.62,0
2.54,0,10.16,1
0,4.54,0,0
10.16,4.54,7.62,1
0,0,-12.7,1
-2.54,0,2.54,1
-5.08,6.8,-12.7,0
2.54,4.54,-2.54,1
5.08,4.54,2.54,1
-5.08,0,5.08,1
7.62,0,15.24,1
-5.08,0,-7.62,1
-7.62,0,-7.62,0
-2.54,0,0,1
-10.16,-4.53,-2.54,1
2.54,4.54,-5.08,0
-5.08,-4.54,-5.08,1
-2.54,4.54,-10.16,0
0,4.53,5.08,0
0,11.34,-12.7,0
-2.54,0,0,1
5.08,0,-5.08,1
22.86,0,25.4,1
-2.54,0,5.08,0
15.24,-15.42,12.7,1
5.08,-4.54,12.7,1
-2.54,0,-5.08,0
-5.08,0,-5.08,1
-7.62,-4.53,0,1
5.08,0,2.54,1
0,-4.53,-2.54,1
-5.08,0,-10.16,0
-2.54,6.8,-2.54,1
-7.62,0,-7.62,1
0,-4.54,2.54,1
-5.08,0,-5.08,1
-2.54,0,5.08,1
5.08,0,5.08,1
-5.08,0,-2.54,0
-5.08,-9.08,-10.16,1
-2.54,6.8,10.16,1
2.54,6.8,0,1
-2.54,0,-2.54,0
-7.62,-4.53,2.54,0
2.54,0,7.62,0
5.08,0,10.16,0
2.54,-4.54,10.16,1
0,0,-7.62,0
-5.08,0,-2.54,1
-2.54,0,5.08,0
-10.16,0,-12.7,0
7.62,0,17.78,1
2.54,4.53,2.54,0
-7.62,-4.54,-2.54,0
0,6.8,0,1
-5.08,-6.8,-5.08,0
5.08,0,15.24,1
-7.62,0,-5.08,1
5.08,6.8,5.08,1
2.54,0,7.62,1
-12.7,0,-7.62,1
0,0,2.54,0
7.62,0,2.54,0
-12.7,0,-7.62,1
5.08,0,2.54,0
-7.62,0,-2.54,0
-10.16,11.34,-12.7,0
5.08,0,10.16,1
-7.62,6.8,2.54,1
-7.62,0,2.54,1
5.08,0,10.16,1
0,4.54,-5.08,1
0,0,5.08,1
10.16,0,10.16,1
0,0,-5.08,0
-2.54,0,2.54,0
-5.08,4.54,-2.54,1
2.54,0,-2.54,1
-7.62,0,2.54,1
-2.54,0,0,0
-12.7,0,-2.54,0
5.08,-6.8,-10.16,0
-12.7,0,-10.16,1
-5.08,0.91,-2.54,1
7.62,-4.54,7.62,1
-5.08,0,-5.08,1
-2.54,0,-2.54,1
7.62,4.54,15.24,0
0,0,-2.54,1
-10.16,0,-15.24,0
2.54,0,2.54,0
-10.16,-4.54,-10.16,1
2.54,10.89,12.7,0
2.54,0,0,1
7.62,0,10.16,1
5.08,0,2.54,1
2.54,0,10.16,0
0,6.8,-5.08,1
2.54,0,0,0
-10.16,0,-10.16,1
-2.54,0,-10.16,1
0,0,5.08,0
0,2.27,7.62,1
-7.62,-6.8,-10.16,1
-2.54,0,0,1
7.62,0,-2.54,1
-5.08,0,5.08,1
-5.08,0,-5.08,0
0,0,5.08,1
5.08,0,12.7,1
5.08,0,2.54,0
-2.54,4.54,10.16,1
-5.08,-6.8,-12.7,0
-7.62,-5.89,-2.54,0
2.54,6.8,0,0
0,0,2.54,0
5.08,9.08,0,0
0,0,-10.16,1
7.62,0,7.62,1
5.08,0,7.62,1
15.24,0,20.32,1
-5.08,-6.8,-2.54,1
-2.54,0,2.54,0
-5.08,-4.53,-7.62,1
10.16,0,12.7,1
-12.7,0,-5.08,1
10.16,-6.8,5.08,1
12.7,0,17.78,1
-2.54,4.53,0,0
-5.08,-4.53,-7.62,0
-2.54,0,-15.24,1
2.54,0,2.54,0
-2.54,0,0,1
7.62,0,5.08,0
-2.54,0,-2.54,1
2.54,0,7.62,1
2.54,4.53,-2.54,1
-2.54,0,-5.08,1
-2.54,0,-2.54,1
0,0,7.62,1
2.54,0,10.16,0
-7.62,-6.8,-5.08,0
5.08,0,7.62,0
2.54,4.54,2.54,0
-2.54,0,0,0
5.08,0,2.54,0
5.08,4.54,25.4,1
-2.54,-15.88,-7.62,1
2.54,4.53,10.16,0
7.62,0,10.16,1
0,20.42,2.54,1
0,0,-2.54,1
0,0,-7.62,0
15.24,0,12.7,1
12.7,0,5.08,1
2.54,-4.54,12.7,1
-2.54,6.8,2.54,1
-5.08,0,-5.08,0
-5.08,4.53,5.08,1
0,-4.54,2.54,1
-5.08,0,-2.54,1
5.08,0,17.78,0
-2.54,-4.54,-10.16,0
0,9.08,-7.62,1
-7.62,-9.08,-5.08,1
5.08,-6.8,-2.54,0
5.08,0,2.54,0
2.54,-6.8,-17.78,0
2.54,0,10.16,1
2.54,0,-5.08,1
-5.08,-9.08,7.62,1
-7.62,0,2.54,0
-10.16,-4.54,-15.24,1
-10.16,-6.8,-10.16,1
12.7,0,2.54,0
-2.54,0,-2.54,1
-7.62,0,-10.16,1
0,6.8,5.08,1
0,-4.54,5.08,1
-2.54,9.08,0,1
-2.54,-6.8,2.54,1
7.62,0,-7.62,0
-7.62,0,-12.7,1
-7.62,-9.07,10.16,1
5.08,0,2.54,0
5.08,0,15.24,0
2.54,-4.54,-2.54,0
-2.54,6.8,-2.54,1
5.08,11.34,5.08,1
-2.54,0,2.54,1
7.62,0,5.08,1
2.54,0,0,1
-2.54,-2.27,-2.54,1
5.08,0,17.78,1
-2.54,6.8,5.08,0
2.54,-9.07,7.62,1
2.54,0,-5.08,1
5.08,0,10.16,0
10.16,0,10.16,0
2.54,6.8,-7.62,1
5.08,6.8,7.62,1
-7.62,4.53,0,1
0,0,-7.62,1
0,0,5.08,0
7.62,9.07,5.08,0
2.54,0,5.08,0
-2.54,4.53,-2.54,1
7.62,15.87,12.7,1
-2.54,0,-5.08,0
2.54,0,7.62,0
-5.08,6.8,-5.08,1
-2.54,0,5.08,0
-5.08,0,2.54,0
7.62,4.54,7.62,1
0,0,7.62,0
10.16,0,15.24,1
-10.16,0,-12.7,1
-5.08,0,-12.7,0
2.54,9.08,5.08,0
12.7,0,2.54,0
-5.08,0,-10.16,1
10.16,0,5.08,1
-7.62,-4.53,-12.7,0
0,0,5.08,1
0,0,-5.08,0
0,-0.91,-2.54,0
0,4.54,7.62,0
0,22.68,-5.08,1
5.08,0,7.62,1
-2.54,0,-2.54,1
-15.24,-6.8,-5.08,0
10.16,0,12.7,1
7.62,4.54,25.4,1
0,0,-7.62,0
7.62,0,7.62,0
-2.54,4.54,-10.16,1
0,0,2.54,1
0,6.8,2.54,1
5.08,6.8,-2.54,0
2.54,0,12.7,1
5.08,8.16,15.24,1
-15.24,-4.53,-10.16,1
2.54,9.08,0,1
-2.54,0,-2.54,1
-2.54,-22.68,-5.08,0
0,0,-5.08,0
-7.62,-4.54,-2.54,0
5.08,19.5,20.32,1
0,0,2.54,0
7.62,0,7.62,1
-5.08,0,-10.16,1
0,0,-12.7,1
-7.62,0,-2.54,1
-2.54,0,0,1
15.24,0,22.86,0
-2.54,0,2.54,1
-2.54,-4.53,-10.16,1
-5.08,-10.89,-5.08,1
0,4.53,-2.54,1
5.08,4.54,-5.08,1
2.54,0,2.54,0
-5.08,0,0,0
-15.24,0,-12.7,1
-2.54,6.8,5.08,1
-2.54,0,-2.54,1
2.54,-4.53,5.08,1
-7.62,0,-5.08,1
5.08,0,2.54,0
-5.08,0,-2.54,1
0,-6.8,-10.16,0
2.54,6.8,2.54,1
2.54,4.54,10.16,1
-2.54,0,0,0
-10.16,0,0,1
0,0,-2.54,1
15.24,0,2.54,1
-7.62,4.54,10.16,1
5.08,0,2.54,1
7.62,-10.43,10.16,0
0,4.54,2.54,1
-15.24,0,-5.08,0
2.54,0,7.62,1
5.08,8.16,2.54,1
-5.08,0,7.62,1
5.08,9.08,5.08,0
-2.54,0,5.08,0
-5.08,-11.34,-2.54,1
-7.62,6.8,-15.24,1
-10.16,0,7.62,1
-2.54,-9.08,-2.54,0
0,-4.53,2.54,1
-5.08,0,10.16,1
-5.08,6.8,-12.7,1
12.7,0,2.54,0
0,11.34,-2.54,0
7.62,-6.8,2.54,0
0,0,7.62,1
15.24,9.07,12.7,0
-7.62,4.54,-12.7,1
2.54,0,5.08,0
-5.08,0,2.54,0
5.08,0,10.16,0
5.08,0,-2.54,0
-5.08,0,0,0
10.16,0,0,1
2.54,0,5.08,1
5.08,4.53,10.16,1
-2.54,-6.8,-2.54,1
20.32,-11.34,20.32,0
5.08,0,12.7,0
2.54,0,2.54,1
7.62,2.27,17.78,1
12.7,0,22.86,1
0,4.53,10.16,0
2.54,0,0,1
-7.62,13.6,-10.16,1
-2.54,0,10.16,1
2.54,0,-2.54,1
0,6.8,-5.08,0
0,4.53,5.08,1
-2.54,0,2.54,1
7.62,-4.54,0,0
-5.08,-6.8,0,0
0,-4.54,2.54,1
-2.54,0,-5.08,1
-5.08,-9.08,-15.24,1
-2.54,0,0,0
5.08,4.54,12.7,1
-2.54,0,0,0
-5.08,0,-5.08,1
-2.54,6.8,0,1
12.7,4.53,15.24,1
0,-4.54,5.08,1
7.62,6.8,12.7,1
-2.54,-9.08,0,0
0,4.54,7.62,1
-2.54,-4.54,-2.54,1
-2.54,-0.45,-2.54,0
-2.54,4.53,5.08,0
0,0,2.54,0
-7.62,0,-15.24,0
-7.62,0,-7.62,1
-2.54,0,-2.54,1
2.54,-6.8,-17.78,1
-2.54,9.08,-2.54,1
7.62,6.8,7.62,0
10.16,0,22.86,1
-2.54,6.8,-2.54,1
5.08,-0.91,10.16,1
7.62,0,2.54,1
2.54,0,0,0
10.16,9.07,10.16,1
0,0,2.54,1
-5.08,0,5.08,1
-2.54,0,-2.54,1
5.08,20.41,0,0
10.16,0,10.16,1
-5.08,-6.8,-5.08,0
0,0,-7.62,1
-2.54,0,-10.16,1
2.54,0,2.54,1
12.7,0,15.24,1
2.54,0,12.7,1
-7.62,0,-7.62,0
-10.16,-4.53,-7.62,0
-5.08,0,0,1
0,0,-5.08,0
-12.7,0,-17.78,1
-5.08,0,-2.54,1
0,0,5.08,1
2.54,4.53,10.16,1
0,0,-2.54,0
0,0,2.54,1
2.54,0,2.54,1
-7.62,-2.27,-2.54,0
-5.08,0,0,1
5.08,4.54,20.32,1
-2.54,0,-15.24,0
0,0,-5.08,0
-10.16,0,-2.54,1
-2.54,0,2.54,1
-2.54,0,2.54,1
-7.62,0,-7.62,1
-5.08,0,-5.08,1
5.08,0,2.54,1
-5.08,0,2.54,0
-5.08,4.54,-10.16,0
-5.08,0,-2.54,1
2.54,4.53,5.08,0
-7.62,0,-5.08,1
-2.54,0,5.08,1
2.54,0,0,0
-2.54,9.08,2.54,1
-2.54,0,-2.54,1
-12.7,-13.61,-17.78,0
-2.54,-9.08,-7.62,0
2.54,0,-2.54,1
-2.54,0,2.54,0
-2.54,0,7.62,0
-7.62,-6.8,-15.24,0
0,-4.53,5.08,0
0,0,-7.62,1
-7.62,-4.54,-5.08,0
-7.62,6.8,-5.08,1
5.08,6.8,10.16,1
-2.54,0,-10.16,1
5.08,0,17.78,1
-2.54,0,5.08,1
2.54,0,5.08,0
2.54,0,-2.54,0
7.62,0,2.54,0
7.62,0,7.62,1
0,9.08,-2.54,0
7.62,0,5.08,0
2.54,0,-2.54,1
7.62,0,2.54,0
0,-11.34,-5.08,0
2.54,0,0,1
10.16,0,12.7,1
2.54,0,0,1
-7.62,0,0,0
-2.54,0,-2.54,0
-5.08,0,5.08,0
-2.54,0,15.24,0
-2.54,-4.54,0,1
5.08,0,0,1
-2.54,0,-7.62,1
0,-4.53,-5.08,0
2.54,0,5.08,0
7.62,6.8,2.54,0
-2.54,-6.8,-10.16,0
-10.16,-6.8,-5.08,1
12.7,0,5.08,0
-12.7,4.54,-10.16,1
-2.54,0,-5.08,1
7.62,6.8,7.62,0
0,0,12.7,0
2.54,0,7.62,1
0,0,15.24,1
0,0,-7.62,1
0,6.8,-7.62,0
2.54,-4.53,-5.08,0
2.54,0,-2.54,1
12.7,6.8,2.54,1
-12.7,0,-10.16,0
0,0,5.08,1
2.54,-6.8,7.62,1
-7.62,0.91,0,1
-2.54,-12.7,-2.54,1
-2.54,-11.34,2.54,1
5.08,-8.16,2.54,1
-7.62,4.53,-2.54,1
-5.08,0,-5.08,1
7.62,0,7.62,0
0,0,2.54,0
-7.62,0,-2.54,0
2.54,0,15.24,1
-2.54,0,-10.16,0
10.16,4.53,20.32,0
2.54,0,0,0
-5.08,0,-5.08,0
2.54,0,-5.08,1
0,9.08,0,1
-2.54,0,-2.54,1
2.54,6.8,2.54,0
-2.54,-6.8,-5.08,1
5.08,0,7.62,0
-2.54,0,5.08,1
-2.54,19.5,12.7,1
-2.54,4.54,2.54,1
2.54,-9.07,-10.16,1
-10.16,-9.08,-12.7,0
5.08,0,5.08,0
5.08,4.54,7.62,0
5.08,9.07,-2.54,0
-5.08,0,-12.7,0
-5.08,0,-15.24,1
2.54,0,-7.62,1
-10.16,6.8,-7.62,1
-2.54,-4.54,-5.08,0
0,0,5.08,1
2.54,-6.8,7.62,0
-2.54,0,-5.08,1
0,6.8,-2.54,0
-10.16,-4.54,-2.54,0
5.08,0,-2.54,0
-2.54,6.8,-5.08,0
0,6.35,2.54,0
-2.54,-4.54,-10.16,1
2.54,15.87,0,1
2.54,6.8,-2.54,0
-5.08,0,0,0
-10.16,0,-7.62,0
-7.62,-4.53,-17.78,1
2.54,27.21,10.16,1
0,0,7.62,0
-5.08,0,-10.16,0
5.08,0,7.62,1
12.7,0,7.62,0
-2.54,-6.8,5.08,1
-2.54,0,2.54,1
-5.08,0,-2.54,1
-10.16,-6.8,-10.16,0
-2.54,0,-5.08,1
12.7,6.8,0,0
2.54,15.88,-2.54,1
0,0,7.62,0
-5.08,4.53,2.54,0
-7.62,0,-10.16,1
0,0,2.54,1
12.7,6.8,17.78,0
0,0,-5.08,0
-7.62,0,-5.08,0
-5.08,4.54,12.7,1
-12.7,0,0,0
0,0,-12.7,1
-20.32,-4.54,-15.24,1
0,0,-15.24,0
-10.16,0,-2.54,0
0,-4.54,-5.08,1
-2.54,-9.08,-12.7,0
-2.54,-9.08,5.08,1
0,0,12.7,1
-7.62,0,-20.32,1
0,0,-7.62,1
-5.08,0,0,1
-7.62,0,0,1
7.62,0,12.7,1
-2.54,0,0,1
12.7,4.54,10.16,1
5.08,0,2.54,0
-12.7,-6.8,-10.16,1
-2.54,0,-2.54,0
2.54,0,2.54,0
-5.08,9.08,5.08,1
0,0,-2.54,0
-2.54,-4.54,-7.62,0
0,0,-2.54,0
-10.16,-9.08,-15.24,1
-12.7,0,-12.7,1
0,0,-7.62,1
5.08,0,0,1
-5.08,6.8,-7.62,0
0,0,-7.62,1
-5.08,0,-2.54,1
7.62,-4.54,10.16,1
-10.16,0,-10.16,1
2.54,9.08,2.54,1
-10.16,10.43,-17.78,0
2.54,0,-2.54,1
-2.54,-11.34,-2.54,0
7.62,0,-5.08,1
-12.7,-6.8,-7.62,0
5.08,0,5.08,1
5.08,0,5.08,1
2.54,0,10.16,1
-5.08,0,-15.24,1
-2.54,4.08,0,0
-2.54,6.8,0,0
2.54,0,0,1
10.16,6.8,2.54,1
0,0,17.78,1
-2.54,4.53,0,1
-2.54,4.54,0,0
12.7,13.6,15.24,1
0,0,10.16,1
2.54,0,-5.08,1
-2.54,-9.08,2.54,1
-7.62,-10.89,-12.7,1
15.24,-12.25,12.7,1
0,9.08,2.54,1
-2.54,0,-5.08,0
7.62,0,7.62,1
7.62,0,7.62,1
-12.7,4.54,-7.62,1
0,-13.6,-5.08,0
5.08,0,0,1
-15.24,0,-5.08,0
-7.62,0,-7.62,1
-2.54,0,-7.62,1
-5.08,0,0,1
0,4.54,2.54,0
-2.54,6.8,0,1
-2.54,0,-7.62,1
12.7,0,17.78,1
10.16,4.53,10.16,1
5.08,0,7.62,1
5.08,0,5.08,1
7.62,19.5,27.94,1
-2.54,0,0,1
-10.16,10.43,-22.86,1
-2.54,0,10.16,1
-5.08,0,-5.08,1
0,11.34,-10.16,0
-5.08,0,-7.62,1
-5.08,-4.54,-10.16,0
0,-4.54,0,1
0,11.34,-7.62,1
10.16,13.16,17.78,0
5.08,6.8,12.7,0
0,0,5.08,1
-10.16,0,-12.7,1
10.16,15.88,15.24,1
2.54,4.54,5.08,0
-5.08,0,0,1
7.62,0,2.54,0
10.16,0,17.78,1
0,0,12.7,0
2.54,0,2.54,1
7.62,6.8,20.32,0
0,-4.54,-7.62,0
10.16,5.9,7.62,1
10.16,0,5.08,1
-2.54,-15.88,-5.08,0
10.16,0,7.62,1
0,0,-10.16,0
2.54,0,-5.08,0
10.16,-20.42,7.62,1
5.08,0,10.16,0
-5.08,6.8,7.62,1
0,0,-5.08,1
-15.24,0,-22.86,1
0,0,-7.62,1
2.54,0,0,1
-12.7,-9.08,-7.62,0
-5.08,0,5.08,0
0,-9.08,-2.54,0
-5.08,6.8,0,1
12.7,-6.8,15.24,0
-7.62,-6.8,-7.62,1
-5.08,0,-2.54,0
-2.54,0,2.54,1
-2.54,0,-2.54,0
2.54,6.8,2.54,0
0,0,-10.16,1
2.54,0,10.16,1
15.24,0,2.54,1
-5.08,0,0,1
33.02,0,30.48,0
-7.62,-6.8,-5.08,0
12.7,-6.8,10.16,1
2.54,9.08,0,0
7.62,0,7.62,1
-2.54,0,-2.54,0
-2.54,0,2.54,1
-5.08,0,-2.54,0
-7.62,6.8,-10.16,0
2.54,4.53,0,1
5.08,0,0,1
0,-4.54,7.62,1
0,0,7.62,1
-2.54,0,-2.54,0
0,2.27,-10.16,1
12.7,6.8,7.62,1
-5.08,4.54,-10.16,1
0,0,-10.16,1
-7.62,4.54,0,1
-2.54,-4.54,-5.08,1
-12.7,0,-5.08,1
-5.08,0,-7.62,1
2.54,-9.08,5.08,1
15.24,0,5.08,0
7.62,0,5.08,0
-7.62,0,-12.7,1
5.08,-9.08,5.08,1
2.54,0,5.08,1
-5.08,0,0,0
0,0.45,-5.08,0
-2.54,0,5.08,0
-2.54,0,2.54,1
0,0,2.54,0
-7.62,0,-2.54,1
-2.54,0,0,0
2.54,0,7.62,0
-2.54,-4.53,-12.7,0
-2.54,0,-2.54,0
0,-4.53,0,1
-2.54,0,-7.62,0
-7.62,0,-2.54,1
5.08,11.34,0,0
0,0,10.16,1
-10.16,4.54,-7.62,1
5.08,0,0,1
2.54,-2.26,-5.08,0
5.08,6.8,7.62,1
2.54,0,10.16,0
-2.54,0,-2.54,1
-12.7,0,-7.62,0
-5.08,-10.43,-5.08,1
-7.62,-4.54,0,0
0,6.8,-2.54,1
-5.08,0,-2.54,0
-2.54,0,7.62,1
-5.08,9.08,-10.16,0
7.62,-0.91,0,0
-5.08,0,0,1
2.54,0,2.54,0
0,-6.8,0,1
-5.08,0,-10.16,0
-2.54,0,-2.54,0
2.54,0,0,0
0,4.54,0,0
5.08,-4.53,2.54,0
-2.54,0,-2.54,0
-7.62,0,-5.08,0
-7.62,-0.91,-22.86,1
0,0,-12.7,1
-7.62,4.54,-5.08,1
-2.54,0,2.54,1
5.08,0,-2.54,0
-2.54,-6.8,7.62,1
2.54,0,10.16,0
2.54,4.53,2.54,0
5.08,0,5.08,0
-2.54,6.8,-7.62,1
2.54,6.8,0,1
-7.62,0,-12.7,1
-17.78,0,-10.16,1
7.62,0,10.16,0
-7.62,0,-15.24,1
-10.16,0,-7.62,0
-7.62,-6.8,-15.24,0
2.54,0,5.08,0
0,4.54,5.08,1
-2.54,0,-10.16,1
2.54,0,7.62,1
2.54,0,7.62,1
2.54,0,0,0
0,4.54,0,1
-7.62,0,-5.08,1
-7.62,6.8,2.54,1
-7.62,6.8,-7.62,1
7.62,0,10.16,1
0,0,12.7,0
-12.7,0,-12.7,0
-2.54,-6.8,7.62,1
12.7,0,20.32,1
2.54,0,5.08,0
5.08,-4.54,-2.54,1
10.16,6.8,17.78,1
2.54,0,-2.54,0
10.16,0,15.24,0
7.62,0,5.08,1
-2.54,0,0,1
-7.62,0,-10.16,0
0,0,2.54,1
-5.08,-9.08,-5.08,1
-2.54,-0.91,0,1
2.54,0,2.54,1
5.08,0,12.7,1
10.16,0,2.54,1
-2.54,0,15.24,1
2.54,-6.8,2.54,1
12.7,6.8,2.54,1
0,0,5.08,0
-5.08,0,-2.54,1
5.08,-4.08,-7.62,0
-7.62,0,-10.16,1
-5.08,4.53,-2.54,1
2.54,6.8,5.08,0
2.54,0,5.08,1
10.16,0,5.08,0
-5.08,0,-5.08,1
-2.54,0,-2.54,1
7.62,0,7.62,0
5.08,0,0,1
17.78,11.34,10.16,1
5.08,0,-2.54,1
-2.54,0,0,1
5.08,0,12.7,0
10.16,6.8,15.24,1
7.62,0,15.24,1
7.62,0,0,0
0,0,2.54,0
0,0,-2.54,0
5.08,0,7.62,0
2.54,0,5.08,0
10.16,28.58,25.4,1
2.54,0,-2.54,0
0,-9.08,2.54,1
-5.08,-4.54,-10.16,1
-7.62,0,-2.54,0
0,0,5.08,1
2.54,0,10.16,1
12.7,4.54,0,0
5.08,0,-10.16,1
-15.24,0,-25.4,1
7.62,6.8,15.24,1
7.62,15.88,5.08,1
10.16,0,5.08,1
-7.62,0,-5.08,0
7.62,0,5.08,0
0,0,7.62,0
7.62,4.53,20.32,0
-5.08,-11.34,-5.08,1
-2.54,-9.08,0,1
5.08,0,0,1
0,0,5.08,1
17.78,4.54,7.62,0
12.7,4.54,17.78,0
-2.54,-4.54,-2.54,1
0,-4.54,-7.62,0
-7.62,0,-7.62,0
10.16,-9.07,17.78,1
-2.54,0,0,0
-2.54,-6.8,2.54,0
5.08,0,5.08,0
7.62,0,7.62,1
5.08,0,2.54,1
5.08,0,2.54,0
-5.08,0,-17.78,0
2.54,0,0,1
5.08,0,-2.54,1
-7.62,-9.08,-7.62,0
0,4.53,2.54,1
-12.7,0,-12.7,1
-10.16,-4.54,-17.78,0
-2.54,6.8,2.54,0
0,0,7.62,1
2.54,-9.08,10.16,1
0,0,7.62,1
-5.08,6.8,-12.7,1
2.54,0,10.16,0
-15.24,-4.54,-15.24,1
0,4.54,-15.24,0
-2.54,0,0,1
0,0,2.54,0
-2.54,0,0,1
-5.08,9.08,-5.08,0
2.54,6.8,15.24,1
7.62,-10.89,10.16,1
2.54,-9.08,5.08,0
5.08,0,0,1
5.08,0,5.08,1
2.54,0,-5.08,1
0,4.54,-2.54,0
7.62,0,5.08,0
-5.08,0,-7.62,0
7.62,6.8,0,1
-2.54,0,-7.62,1
-5.08,0,5.08,1
5.08,6.8,10.16,1
2.54,0,5.08,1
5.08,0,7.62,1
-5.08,0,-5.08,1
10.16,0,7.62,1
5.08,0,-5.08,0
2.54,0,17.78,1
15.24,6.8,12.7,1
0,0,-7.62,0
-7.62,0,-2.54,0
7.62,6.8,12.7,1
5.08,-4.54,0,0
2.54,4.54,12.7,0
0,4.54,5.08,1
2.54,-11.8,-5.08,1
-7.62,-10.89,-12.7,1
-10.16,9.52,-10.16,1
17.78,11.34,5.08,1
-7.62,0,-17.78,0
7.62,-4.54,10.16,0
5.08,0,10.16,1
-7.62,0,-5.08,0
5.08,0,7.62,0
-2.54,0,2.54,1
-5.08,-4.54,0,1
10.16,4.54,5.08,1
-2.54,0,-2.54,1
7.62,-9.08,15.24,0
7.62,0,2.54,1
7.62,0,5.08,1
-2.54,0,0,1
0,0,5.08,1
-2.54,0,-5.08,0
10.16,6.8,12.7,1
2.54,-6.8,10.16,0
-15.24,-6.8,-10.16,0
-12.7,-2.27,-20.32,0
2.54,0,7.62,0
-10.16,4.53,0,1
0,-4.53,-10.16,1
-5.08,0,-7.62,1
-17.78,4.54,-17.78,1
5.08,0,-5.08,0
10.16,19.5,22.86,1
-2.54,0,0,1
0,-9.07,0,0
0,0,15.24,0
-5.08,0,7.62,1
12.7,22.68,15.24,1
-12.7,0,-17.78,0
-2.54,0,-2.54,1
-10.16,-4.54,0,1
7.62,0,12.7,1
2.54,9.08,5.08,1
0,0,2.54,0
0,0,7.62,1
10.16,6.8,15.24,0
0,0,5.08,1
-5.08,9.08,-2.54,1
-7.62,0,-5.08,0
0,-6.8,5.08,0
-5.08,-9.08,-5.08,1
5.08,0,7.62,0
-2.54,0,5.08,1
5.08,0,7.62,0
-7.62,-15.88,-5.08,0
-2.54,0,-2.54,0
-15.24,11.34,-25.4,1
-5.08,0,7.62,0
5.08,-6.8,2.54,0
5.08,0,7.62,1
0,0,2.54,1
-5.08,4.53,0,0
-5.08,0,-5.08,1
10.16,4.53,12.7,0
7.62,9.08,15.24,0
2.54,0,2.54,0
17.78,10.43,17.78,1
-2.54,-6.8,-5.08,0
-2.54,-4.54,2.54,1
-12.7,0,-20.32,1
-5.08,4.54,-10.16,1
5.08,-4.54,2.54,1
0,0,5.08,0
-2.54,0,2.54,0
-10.16,14.51,-10.16,0
5.08,0,5.08,1
2.54,4.54,10.16,1
2.54,9.08,-2.54,1
-5.08,4.54,7.62,1
7.62,4.54,10.16,0
0,0,7.62,1
15.24,6.8,17.78,1
0,0,10.16,1
-5.08,0,-10.16,1
0,9.08,-5.08,1
-2.54,-6.8,-15.24,0
5.08,4.54,5.08,1
-12.7,4.54,-5.08,1
0,0,2.54,1
-7.62,-24.95,-17.78,0
-2.54,-9.08,-2.54,1
2.54,0,0,0
-2.54,0,-5.08,0
-5.08,0,7.62,1
-17.78,-11.34,-17.78,1
-5.08,0,-7.62,1
-5.08,0,-5.08,0
0,-6.8,-10.16,1
2.54,-4.54,10.16,1
-5.08,-9.08,-10.16,1
-15.24,-6.8,-5.08,1
2.54,6.8,5.08,0
-5.08,-4.54,5.08,1
-5.08,-4.54,0,1
7.62,-4.54,7.62,1
-5.08,0,0,0
-2.54,-4.54,7.62,1
-2.54,0,2.54,0
-2.54,6.8,7.62,1
7.62,-6.8,12.7,0
-12.7,0,-12.7,0
-7.62,-4.54,-2.54,0
-2.54,4.54,-7.62,1
10.16,0,10.16,0
5.08,0,0,1
-2.54,-4.54,0,0
7.62,28.58,25.4,1
0,10.89,5.08,1
2.54,0,-2.54,0
-2.54,0,5.08,0
2.54,0,-10.16,0
2.54,0,7.62,0
10.16,0,5.08,0
-2.54,0,-10.16,0
10.16,0,17.78,0
0,4.54,17.78,1
-5.08,0,-2.54,0
-2.54,0,-2.54,0
2.54,-4.54,-5.08,1
7.62,0,2.54,0
5.08,0,7.62,1
-17.78,-4.53,-20.32,0
2.54,0,15.24,0
5.08,9.08,5.08,0
5.08,9.08,10.16,1
-2.54,0,-7.62,1
-7.62,0,-2.54,0
7.62,0,7.62,1
-5.08,9.08,-10.16,0
5.08,0,2.54,1
5.08,0,20.32,1
-7.62,0,0,0
0,0,-10.16,1
-7.62,0.91,0,0
-5.08,-6.8,0,0
-10.16,4.54,-2.54,1
0,0,-2.54,0
0,0,2.54,1
-5.08,4.53,2.54,0
7.62,4.54,2.54,1
-2.54,0,5.08,0
0,-4.54,-5.08,0
7.62,0,15.24,0
0,0,7.62,1
-2.54,0,-2.54,1
-7.62,6.8,-12.7,0
-7.62,0,-12.7,1
-2.54,0,-10.16,0
-7.62,0,-5.08,1
-10.16,-6.8,-15.24,0
2.54,-11.34,0,1
5.08,-14.96,0,0
-2.54,0,-7.62,1
-5.08,4.54,2.54,1
-17.78,-4.54,-7.62,0
-7.62,0,-5.08,0
2.54,11.34,2.54,1
-2.54,0,7.62,1
-2.54,-9.08,-7.62,0
7.62,9.08,-5.08,0
-7.62,-9.08,-5.08,1
-7.62,-4.54,-10.16,1
0,0,-2.54,1
10.16,4.54,-5.08,0
-2.54,0,0,0
0,0,-7.62,1
2.54,4.54,2.54,1
-7.62,-24.95,-12.7,0
-5.08,4.54,-5.08,0
-7.62,-6.8,-7.62,1
0,0,5.08,0
12.7,4.53,5.08,1
-30.48,-13.61,-25.4,0
10.16,22.68,20.32,1
5.08,0,-5.08,1
2.54,0,5.08,1
-5.08,0,0,0
7.62,19.5,27.94,1
-2.54,0,0,0
15.24,0,15.24,0
10.16,-4.53,12.7,1
12.7,6.8,15.24,1
7.62,0,17.78,1
0,0,-7.62,1
5.08,-9.08,-2.54,1
7.62,0,2.54,0
2.54,-6.8,5.08,1
5.08,-11.34,7.62,0
-2.54,0,-12.7,1
5.08,0,-2.54,0
2.54,0,-12.7,1
5.08,0,10.16,0
-5.08,0,-2.54,0
0,6.8,5.08,1
-5.08,0,-2.54,1
-7.62,4.54,-15.24,0
-2.54,-2.27,-2.54,1
7.62,-9.08,15.24,0
0,-4.54,5.08,1
-12.7,-6.8,-7.62,1
-2.54,0,-2.54,1
-5.08,0,-12.7,1
2.54,0,-5.08,1
2.54,0,15.24,0
-2.54,-6.8,2.54,0
7.62,0,-2.54,1
0,0,12.7,0
-2.54,0,2.54,0
-7.62,-4.53,-10.16,1
0,15.88,2.54,1
2.54,0,0,1
-2.54,0,-5.08,1
-7.62,0,2.54,1
5.08,6.8,-2.54,1
-7.62,-6.8,-2.54,0
5.08,0,0,0
0,0,5.08,1
-10.16,0,-7.62,0
0,4.54,-2.54,1
-2.54,4.54,-10.16,1
2.54,6.8,-5.08,1
0,4.54,0,1
5.08,0,2.54,1
0,9.08,2.54,0
-10.16,-4.54,5.08,1
2.54,0,0,1
0,0,-2.54,1
-2.54,0,-2.54,1
5.08,0,2.54,0
0,0,2.54,1
2.54,6.8,2.54,0
5.08,0,5.08,1
12.7,2.27,20.32,1
2.54,-6.8,-2.54,1
12.7,0,7.62,1
7.62,-2.27,-2.54,0
2.54,4.54,2.54,1
0,0,2.54,0
-5.08,0,-5.08,1
0,0,5.08,0
0,0,2.54,1
0,0,7.62,1
-5.08,12.25,7.62,0
10.16,0,17.78,1
-2.54,6.8,-2.54,1
-7.62,0,0,0
0,0,7.62,0
2.54,-9.08,-10.16,0
-2.54,6.8,2.54,1
0,4.54,-2.54,1
-7.62,-9.08,-5.08,1
10.16,0,7.62,1
0,0,-2.54,0
-7.62,0,-5.08,1
-5.08,9.08,5.08,1
-7.62,0,-10.16,0
7.62,4.54,2.54,0
-5.08,4.54,5.08,0
7.62,6.8,10.16,1
-7.62,0,-12.7,1
-2.54,0,2.54,1
0,0,-7.62,1
7.62,0.46,15.24,1
12.7,4.53,12.7,0
0,0,-2.54,0
0,15.88,-2.54,1
15.24,4.53,25.4,0
15.24,0,12.7,0
5.08,0,0,1
15.24,4.53,15.24,1
2.54,-4.54,5.08,0
-2.54,6.8,10.16,1
-2.54,-4.54,5.08,1
0,-9.08,-2.54,1
2.54,0,7.62,1
-2.54,-6.8,12.7,0
-7.62,0,-12.7,1
-2.54,0,-2.54,0
7.62,4.54,0,1
5.08,0,10.16,1
-15.24,-4.54,-12.7,0
0,0,10.16,1
5.08,15.88,10.16,1
7.62,0,0,0
-7.62,0,10.16,1
-2.54,-6.81,-2.54,0
2.54,0,2.54,0
2.54,0,-2.54,1
5.08,0,2.54,1
2.54,2.27,0,0
-5.08,6.8,-15.24,1
7.62,6.8,2.54,0
-7.62,-19.5,-20.32,0
-2.54,0,-5.08,1
0,0,7.62,1
2.54,0,0,0
-5.08,-6.8,-12.7,0
0,-9.08,0,1
-5.08,-4.54,0,1
-5.08,0,-2.54,0
-2.54,0,2.54,0
12.7,15.88,12.7,1
-5.08,0,0,1
5.08,0,12.7,0
-5.08,0,-15.24,0
2.54,0,10.16,1
-10.16,-9.08,-15.24,0
-5.08,-4.54,-2.54,0
-7.62,-4.54,-5.08,0
0,0,-5.08,1
12.7,6.8,17.78,0
0,0,5.08,1
10.16,4.54,2.54,0
2.54,0,12.7,1
2.54,6.8,-2.54,0
2.54,0,2.54,1
7.62,9.08,10.16,1
0,0,2.54,1
-10.16,3.17,-10.16,1
5.08,0,7.62,1
5.08,9.08,2.54,1
5.08,19.5,25.4,1
-2.54,0,-5.08,1
10.16,0,33.02,1
10.16,0,7.62,1
0,0,-5.08,1
2.54,4.53,0,0
10.16,0,7.62,1
-5.08,0,-7.62,1
-2.54,0,2.54,1
-2.54,2.27,15.24,1
-12.7,4.54,-10.16,1
-5.08,22.68,-2.54,1
7.62,-4.54,12.7,0
7.62,0,-2.54,0
2.54,0,2.54,1
0,-4.54,-7.62,1
15.24,0,15.24,0
-5.08,-9.08,-2.54,0
-5.08,0,0,0
-2.54,-11.34,2.54,1
-5.08,4.54,-5.08,1
-10.16,-6.8,-5.08,0
0,0,7.62,0
-2.54,0,2.54,1
2.54,6.8,7.62,1
10.16,0,7.62,1
-5.08,0,-7.62,1
-2.54,-4.54,0,0
5.08,0,-5.08,1
-2.54,0,2.54,0
-12.7,-6.8,-2.54,1
2.54,0,0,0
-5.08,-6.8,-5.08,0
5.08,-4.54,2.54,1
10.16,0,12.7,1
12.7,6.8,17.78,0
0,6.8,-5.08,0
-10.16,-4.54,5.08,0
5.08,-4.53,5.08,0
-17.78,0,-17.78,0
-7.62,-6.8,-15.24,0
0,9.08,-2.54,1
0,6.8,7.62,0
5.08,9.08,12.7,1
7.62,0,10.16,0
0,-6.8,5.08,0
2.54,6.8,0,0
-5.08,0,0,0
-5.08,6.8,-2.54,0
-12.7,-4.54,-7.62,1
-5.08,0,0,1
-5.08,0,-10.16,1
-10.16,0,-15.24,1
7.62,-6.8,7.62,1
0,9.08,2.54,0
5.08,0,7.62,0
5.08,11.34,10.16,0
-2.54,0,-5.08,1
5.08,0,-5.08,0
5.08,1.36,5.08,1
-5.08,-6.8,-2.54,1
-2.54,-15.88,2.54,0
5.08,0,0,0
-7.62,0,-5.08,1
10.16,0,5.08,1
-5.08,6.8,-12.7,1
7.62,6.8,0,1
-5.08,0,-2.54,0
2.54,0,2.54,0
5.08,0,0,0
2.54,0,5.08,0
-12.7,0,-12.7,1
7.62,11.34,5.08,0
2.54,15.42,15.24,1
0,0,2.54,0
-12.7,0,0,0
-10.16,0,-7.62,1
0,4.54,0,1
5.08,0,2.54,1
5.08,36.29,17.78,1
-22.86,0,-22.86,0
10.16,6.8,7.62,1
-2.54,0,-7.62,0
-5.08,0,0,1
12.7,-4.54,10.16,1
0,0,10.16,1
-2.54,-9.08,-10.16,0
0,9.08,-5.08,0
-5.08,-6.8,-12.7,1
-2.54,0,0,1
-7.62,-9.08,-5.08,1
-5.08,-6.8,-5.08,1
2.54,-4.54,10.16,0
5.08,0,15.24,1
7.62,4.54,12.7,0
7.62,0,7.62,0
2.54,-9.08,10.16,1
7.62,0,10.16,1
-2.54,0,0,1
-7.62,0,-2.54,1
-10.16,11.34,-10.16,0
10.16,0,12.7,0
-12.7,0,-17.78,0
-2.54,13.6,-2.54,1
12.7,2.27,7.62,1
12.7,6.8,12.7,0
10.16,19.5,25.4,1
-5.08,6.8,-10.16,0
-5.08,0,2.54,0
-2.54,-4.54,-5.08,0
0,0,-2.54,0
0,0,-2.54,0
5.08,0,2.54,0
-2.54,9.08,2.54,1
0,-4.54,-7.62,0
-12.7,0,-5.08,1
2.54,0,2.54,1
2.54,6.8,-5.08,1
-2.54,0,-17.78,1
-7.62,0,-5.08,0
5.08,0,2.54,1
5.08,-5.9,5.08,1
7.62,-9.08,-5.08,1
-5.08,0,-2.54,1
-2.54,0,-7.62,0
0,24.95,-7.62,1
-2.54,0,-2.54,1
2.54,-9.08,0,0
-2.54,6.8,0,1
2.54,4.54,-5.08,0
-5.08,6.8,-2.54,1
-5.08,-11.34,-5.08,0
2.54,9.08,0,0
7.62,-2.26,-2.54,1
-2.54,0,5.08,0
5.08,18.14,2.54,1
5.08,0,-2.54,1
-10.16,-4.54,-5.08,0
-5.08,0,5.08,0
-7.62,0,5.08,0
2.54,0,0,1
-2.54,0,-2.54,0
7.62,0,5.08,1
2.54,0,-5.08,0
0,0,2.54,1
5.08,2.26,12.7,0
-7.62,0,-10.16,0
-7.62,0,-7.62,0
-10.16,0,-2.54,0
-10.16,-9.08,-10.16,0
2.54,0,-2.54,0
0,-9.08,-5.08,0
2.54,0,-7.62,1
0,4.54,-2.54,0
-2.54,-13.61,-12.7,0
-7.62,-6.8,0,0
0,9.08,-2.54,0
-5.08,0,-7.62,1
2.54,-13.6,7.62,0
-7.62,-34.02,-2.54,1
-2.54,0,-10.16,0
5.08,0,15.24,0
2.54,6.8,12.7,1
7.62,9.08,5.08,0
12.7,0,7.62,0
15.24,0,20.32,0
7.62,0,0,0
12.7,0,12.7,0
7.62,0,5.08,1
-5.08,-2.27,-12.7,1
7.62,-4.54,10.16,1
-27.94,-0.91,-27.94,1
-2.54,0,-2.54,0
5.08,4.54,-2.54,1
7.62,0,5.08,1
2.54,4.54,5.08,0
-7.62,0,-2.54,0
-10.16,0,7.62,1
5.08,0,-7.62,1
-2.54,6.8,5.08,1
2.54,-0.45,-2.54,0
-5.08,0,-2.54,1
5.08,0,7.62,0
0,0,-10.16,1
0,0,12.7,1
0,0,-2.54,1
-12.7,-15.88,-12.7,1
-15.24,9.08,-7.62,0
5.08,0,7.62,1
-2.54,-8.16,-15.24,0
5.08,-1.82,2.54,1
5.08,-2.27,12.7,1
-5.08,-9.08,-7.62,1
-7.62,0,-2.54,1
5.08,0,7.62,0
0,11.34,-2.54,0
-7.62,0,-5.08,1
10.16,-9.08,12.7,0
-5.08,0,0,1
-5.08,9.08,-2.54,1
7.62,4.54,2.54,1
0,9.08,-5.08,1
-2.54,11.34,-5.08,1
-7.62,0,-5.08,1
5.08,0,-7.62,1
-2.54,-9.08,-12.7,1
5.08,-9.08,2.54,1
2.54,9.08,-2.54,1
-5.08,0,-7.62,1
0,-6.8,-5.08,1
-7.62,0,-7.62,1
-10.16,0,-7.62,1
0,4.54,-5.08,1
2.54,0,12.7,1
-5.08,-0.9,0,1
-7.62,-6.8,-15.24,1
2.54,0,-2.54,1
0,-15.88,-2.54,1
0,0,5.08,1
0,0,-2.54,1
0,0,5.08,1
-2.54,0,-2.54,1
-5.08,0,7.62,1
-5.08,0,-7.62,1
-5.08,0,2.54,1
-10.16,0,0,1
-2.54,0,-2.54,1
-5.08,-6.8,2.54,1
5.08,5.89,0,1
7.62,6.8,2.54,1
-2.54,0,-12.7,1
-7.62,0,-7.62,1
-2.54,0,5.08,1
-2.54,-6.8,-5.08,1
-2.54,10.89,-7.62,1
10.16,0,7.62,1
7.62,-4.54,10.16,1
22.86,9.07,17.78,1
2.54,0,-2.54,1
2.54,0,-5.08,1
-2.54,6.8,-12.7,1
7.62,0,10.16,1
0,-6.8,-5.08,1
-10.16,8.16,-12.7,1
-7.62,-19.5,-20.32,1
5.08,13.6,12.7,1
10.16,0,5.08,1
-5.08,6.8,0,1
0,0,7.62,1
-10.16,-15.88,-12.7,1
5.08,6.8,7.62,1
0,9.08,-5.08,1
2.54,0,7.62,1
10.16,0,17.78,1
-5.08,0,0,1
-5.08,-11.34,-7.62,1
-2.54,0,-7.62,1
5.08,0,-5.08,1
-2.54,0,0,1
2.54,6.8,7.62,1
7.62,0,5.08,1
2.54,0,0,1
-7.62,-4.54,0,1
5.08,9.08,10.16,1
-10.16,0,-10.16,1
0,-9.08,-5.08,1
-7.62,-11.34,-2.54,1
-2.54,-6.8,-2.54,1
0,-4.54,5.08,1
7.62,15.88,20.32,1
-2.54,9.08,-5.08,1
-12.7,-4.54,-10.16,1
-2.54,15.88,-5.08,1
7.62,0,0,1
-2.54,0,-5.08,1
5.08,3.62,10.16,1
-7.62,0,10.16,1
2.54,0,5.08,1
0,-4.54,-7.62,1
-10.16,4.54,-5.08,1
2.54,9.08,10.16,1
0,-4.54,-7.62,1
7.62,0,15.24,1
-2.54,0,0,1
7.62,6.8,12.7,1
12.7,0,10.16,1
-7.62,0,-7.62,1
-2.54,9.08,-2.54,1
-2.54,0,-2.54,1
-7.62,-4.54,-5.08,1
-7.62,0,0,1
-5.08,0,2.54,1
5.08,15.87,5.08,1
0,9.08,-5.08,1
-2.54,6.8,5.08,1
5.08,11.34,2.54,1
-2.54,-15.88,-10.16,1
0,-7.26,0,1
0,13.61,0,1
-2.54,0,5.08,1
0,0,-2.54,1
0,0,-10.16,1
-2.54,4.54,-10.16,1
-2.54,-9.08,0,1
-2.54,0,-2.54,1
-2.54,6.8,-15.24,1
-15.24,-6.8,-12.7,1
-7.62,-6.8,-5.08,1
-22.86,-6.8,-10.16,1
-2.54,0,-15.24,1
-7.62,9.08,-2.54,1
2.54,0,0,1
0,0.45,5.08,1
5.08,6.8,15.24,1
-5.08,0,-2.54,1
-10.16,-6.8,0,1
-7.62,0,-10.16,1
0,0,2.54,1
2.54,19.5,20.32,1
10.16,6.8,10.16,1
-5.08,9.08,-5.08,1
5.08,4.54,2.54,1
7.62,6.8,5.08,1
2.54,0,-15.24,1
-7.62,0,-10.16,1
-12.7,-11.34,-15.24,1
-2.54,0,0,1
0,0,5.08,1
5.08,-9.08,5.08,1
-7.62,0,-12.7,1
0,-6.8,-10.16,1
-2.54,0,0,1
0,0,-5.08,1
5.08,0,10.16,1
2.54,0,0,1
-10.16,-4.54,2.54,1
0,-6.8,-7.62,1
-15.24,0,-17.78,1
10.16,0,10.16,1
2.54,-9.08,-2.54,1
7.62,0,12.7,1
0,9.08,-2.54,1
0,-9.08,2.54,1
-2.54,0,-7.62,1
12.7,11.34,5.08,1
0,4.54,-2.54,1
2.54,0,-2.54,1
-2.54,0,5.08,1
-2.54,0,0,1
0,0,7.62,1
0,-2.27,10.16,1
0,0,5.08,1
-7.62,0,-20.32,1
2.54,9.08,2.54,1
-5.08,0,10.16,1
2.54,-6.8,5.08,1
-2.54,0,5.08,1
-5.08,0,-7.62,1
5.08,0,2.54,1
-5.08,-4.54,-5.08,1
2.54,4.54,0,1
7.62,0,7.62,1
0,-6.8,-2.54,1
-2.54,9.08,-7.62,1
0,10.43,10.16,1
2.54,0,0,1
2.54,9.08,12.7,1
2.54,0,-2.54,1
15.24,0,17.78,1
-2.54,9.08,-7.62,1
2.54,0,2.54,1
7.62,11.34,5.08,1
0,0,7.62,1
-2.54,0,-5.08,1
0,-15.88,-2.54,1
2.54,0,2.54,1
-17.78,-12.25,-17.78,1
0,0,-5.08,1
2.54,4.54,0,1
7.62,6.8,5.08,1
15.24,15.88,20.32,1
-2.54,0,0,1
2.54,0,-2.54,1
5.08,13.6,15.24,1
-2.54,-9.08,0,1
0,19.5,12.7,1
-12.7,-6.8,-15.24,1
12.7,0,15.24,1
5.08,4.54,7.62,1
-15.24,0,-7.62,1
2.54,-13.15,-2.54,1
-5.08,0,-5.08,1
0,0,2.54,1
-12.7,-6.8,-7.62,1
7.62,0,-5.08,1
-2.54,0,5.08,1
0,-9.08,-2.54,1
-7.62,-4.54,-5.08,1
-7.62,0,-5.08,1
0,10.89,5.08,1
0,0,7.62,1
5.08,0,-2.54,1
5.08,-2.27,12.7,1
2.54,-6.8,0,1
2.54,0,7.62,1
0,4.54,-2.54,1
-2.54,0,-2.54,1
10.16,15.88,10.16,1
-5.08,0,-10.16,1
-10.16,0,-12.7,1
-10.16,9.08,-5.08,1
-2.54,0,7.62,1
2.54,0,10.16,1
-5.08,0,7.62,1
-15.24,0,-27.94,1
-2.54,-2.27,-2.54,1
5.08,27.21,15.24,1
7.62,0,10.16,1
-7.62,-6.8,0,1
2.54,-6.8,0,1
2.54,0,0,1
2.54,-4.54,2.54,1
-2.54,0,17.78,1
7.62,6.8,5.08,1
-2.54,0,-7.62,1
0,0,-5.08,1
0,3.17,0,1
0,4.54,-2.54,1
2.54,0,15.24,1
-7.62,0,-7.62,1
-10.16,0,-7.62,1
2.54,0,7.62,1
5.08,0,5.08,1
-2.54,-20.42,-5.08,1
10.16,-9.08,-2.54,1
-2.54,6.8,-10.16,1
2.54,6.8,0,1
12.7,0,15.24,1
2.54,-6.8,-2.54,1
10.16,0,7.62,1
2.54,0,10.16,1
-2.54,0,0,1
2.54,-9.08,-5.08,1
7.62,-9.08,10.16,1
2.54,0,0,1
5.08,0,2.54,1
7.62,0,2.54,1
-5.08,0,-2.54,1
0,-9.08,0,1
7.62,6.8,7.62,1
0,6.8,5.08,1
5.08,0,2.54,1
2.54,4.54,0,1
0,0,12.7,1
-5.08,0,-15.24,1
-2.54,6.8,5.08,1
-2.54,6.8,7.62,1
10.16,9.08,7.62,1
2.54,-4.54,10.16,1
-5.08,-6.8,-20.32,1
10.16,6.8,5.08,1
0,-9.08,5.08,1
0,-9.08,-7.62,1
-5.08,15.87,2.54,1
-10.16,-15.88,-10.16,1
5.08,6.8,7.62,1
0,0,5.08,1
5.08,0,10.16,1
-2.54,0,2.54,1
-7.62,-4.54,-2.54,1
-2.54,0,12.7,1
-10.16,-4.54,-15.24,1
2.54,7.71,7.62,1
15.24,-4.54,10.16,1
7.62,4.54,2.54,1
-10.16,0,-17.78,1
15.24,0,12.7,1
-10.16,-6.8,-2.54,1
5.08,0,5.08,1
-5.08,4.54,-7.62,1
7.62,0,10.16,1
7.62,0,-2.54,1
5.08,0,7.62,1
0,0,2.54,1
0,0,-7.62,1
2.54,0,7.62,1
7.62,0,17.78,1
2.54,0,10.16,1
2.54,0.45,-2.54,1
-2.54,-6.8,-2.54,1
7.62,4.54,-5.08,1
-2.54,0,-5.08,1
-2.54,0,5.08,1
7.62,-6.8,0,1
5.08,6.8,10.16,1
7.62,0,7.62,1
-7.62,9.08,-5.08,1
5.08,9.08,12.7,1
-5.08,-9.08,0,1
-2.54,0,-7.62,1
-2.54,0,20.32,1
-10.16,0,-2.54,1
0,14.06,7.62,1
12.7,6.8,20.32,1
5.08,0,2.54,1
-7.62,0,-5.08,1
7.62,0,10.16,1
0,0,-12.7,1
7.62,0,12.7,1
-5.08,0,-7.62,1
0,-15.88,-12.7,1
0,0,5.08,1
5.08,0.91,7.62,1
0,-4.54,7.62,1
7.62,9.08,5.08,1
-2.54,0,-5.08,1
2.54,9.08,5.08,1
10.16,6.8,15.24,1
5.08,0,7.62,1
10.16,15.88,17.78,1
7.62,0,7.62,1
0,4.54,-10.16,1
-2.54,0,2.54,1
5.08,-6.8,2.54,1
-2.54,0,-2.54,1
0,15.87,2.54,1
-10.16,0,-10.16,1
-7.62,0,-7.62,1
0,6.8,2.54,1
-12.7,-11.34,-7.62,1
0,-0.45,-5.08,1
-2.54,0,0,1
-10.16,-4.54,-7.62,1
5.08,6.8,-7.62,1
2.54,-9.08,5.08,1
2.54,0,5.08,1
-5.08,-6.8,-7.62,1
7.62,0,12.7,1
-2.54,-6.8,7.62,1
2.54,0,5.08,1
7.62,6.8,20.32,1
7.62,4.54,0,1
-10.16,0,-5.08,1
-5.08,0,-12.7,1
5.08,4.54,0,1
5.08,-4.99,2.54,1
2.54,0,-5.08,1
-5.08,0,2.54,1
-12.7,0,-15.24,1
-7.62,0,-5.08,1
-2.54,0,-5.08,1
5.08,6.8,7.62,1
7.62,0,5.08,1
-5.08,-15.87,-17.78,1
7.62,-9.08,-10.16,1
0,0,2.54,1
0,9.08,-5.08,1
-10.16,-9.08,-12.7,1
-2.54,0,15.24,1
5.08,0,0,1
-5.08,-6.8,-2.54,1
-2.54,9.08,0,1
5.08,0,5.08,1
2.54,0,5.08,1
2.54,9.08,5.08,1
-2.54,-9.08,0,1
-5.08,0,5.08,1
-22.86,-6.8,-20.32,1
2.54,0,2.54,1
12.7,15.87,5.08,1
5.08,0,-2.54,1
2.54,9.08,7.62,1
-2.54,0,2.54,1
-2.54,-6.8,-12.7,1
0,-6.8,-10.16,1
2.54,0,2.54,1
0,-9.08,0,1
5.08,0,2.54,1
5.08,0,5.08,1
5.08,-9.08,10.16,1
-2.54,0,-5.08,1
-12.7,-22.68,-15.24,1
10.16,4.54,0,1
7.62,0,5.08,1
7.62,11.34,10.16,1
2.54,6.8,-7.62,1
7.62,0,12.7,1
-2.54,0.91,0,1
2.54,0,7.62,1
5.08,9.08,-2.54,1
0,-9.08,-2.54,1
5.08,4.53,22.86,1
-5.08,6.8,-5.08,1
0,9.08,0,1
-7.62,0,-5.08,1
2.54,0,-5.08,1
-5.08,-4.54,10.16,1
-2.54,-16.78,-2.54,1
2.54,6.8,7.62,1
-2.54,-4.54,0,1
-17.78,-6.8,-10.16,1
5.08,0,7.62,1
-2.54,8.62,2.54,1
0,0,5.08,1
-7.62,0,-10.16,1
2.54,-4.54,15.24,1
5.08,0,7.62,1
0,0,-10.16,1
-2.54,-4.54,-2.54,1
-5.08,-9.08,-17.78,1
5.08,4.54,0,1
17.78,15.88,22.86,1
-2.54,6.8,2.54,1
2.54,0,7.62,1
-2.54,-4.54,-5.08,1
2.54,9.08,17.78,1
-5.08,0,-5.08,1
2.54,0,-5.08,1
2.54,0,2.54,1
-2.54,0,-7.62,1
-5.08,9.08,-10.16,1
10.16,0,2.54,1
0,0,-2.54,1
2.54,-9.08,7.62,1
0,5.44,7.62,1
-2.54,4.08,0,1
-5.08,-9.08,-5.08,1
5.08,-9.08,5.08,1
12.7,4.54,7.62,1
7.62,11.34,5.08,1
-12.7,-6.8,-20.32,1
0,0,2.54,1
-2.54,4.54,5.08,1
2.54,0,-5.08,1
10.16,0,10.16,1
5.08,6.8,7.62,1
-5.08,-4.54,-2.54,1
-7.62,-9.07,-12.7,1
2.54,-9.08,0,1
-2.54,-6.8,-7.62,1
-2.54,0,-5.08,1
2.54,-0.91,-2.54,1
5.08,6.8,10.16,1
-2.54,-4.54,10.16,1
-17.78,-27.21,-12.7,1
0,-6.8,0,1
-5.08,0,-10.16,1
-5.08,0,12.7,1
5.08,-9.08,0,1
10.16,0,10.16,1
7.62,0,5.08,1
0,0,-2.54,1
10.16,9.08,0,1
-2.54,-6.8,12.7,1
-12.7,0,-5.08,1
0,-4.54,0,1
-2.54,-20.41,-5.08,1
-2.54,0,7.62,1
-2.54,0,-2.54,1
-2.54,0,5.08,1
-2.54,-9.08,-2.54,1
10.16,0,17.78,1
-5.08,0,-2.54,1
-7.62,0,0,1
5.08,16.78,7.62,1
0,-6.8,-5.08,1
-2.54,13.15,5.08,1
-5.08,-6.8,5.08,1
0,6.8,5.08,1
2.54,6.8,0,1
0,0,-5.08,1
5.08,6.8,7.62,1
27.94,8.16,15.24,1
0,-15.42,-2.54,1
7.62,6.8,12.7,1
-12.7,0,0,1
0,6.8,0,1
2.54,6.8,-12.7,1
-2.54,-6.8,-15.24,1
2.54,0,2.54,1
-10.16,4.54,-17.78,1
5.08,0.91,10.16,1
-10.16,-15.87,-22.86,1
-2.54,-6.8,2.54,1
-2.54,4.54,-5.08,1
5.08,0,5.08,1
5.08,-9.08,7.62,1
2.54,0,0,1
-2.54,0,-15.24,1
-2.54,6.8,-5.08,1
2.54,0,-2.54,1
0,6.8,7.62,1
2.54,-6.8,2.54,1
-7.62,9.08,0,1
7.62,4.54,2.54,1
-2.54,0,-2.54,1
2.54,0,2.54,1
-2.54,0,-5.08,1
5.08,0,10.16,1
5.08,2.72,12.7,1
-5.08,0,0,1
0,-9.08,-5.08,1
0,-6.8,0,1
-5.08,6.8,-5.08,1
-5.08,0,0,1
12.7,11.34,7.62,1
-2.54,0,0,1
5.08,0,5.08,1
-5.08,-4.54,-7.62,1
-15.24,19.05,-2.54,1
5.08,0,0,1
0,0,-2.54,1
7.62,0,10.16,1
-10.16,0,-10.16,1
2.54,-4.54,-2.54,1
7.62,0,10.16,1
2.54,-4.54,10.16,1
12.7,-9.08,5.08,1
2.54,0,0,1
-2.54,9.08,2.54,1
2.54,0,7.62,1
0,6.8,0,1
2.54,-6.8,17.78,1
0,-9.08,2.54,1
-7.62,0,0,1
12.7,11.34,7.62,1
-17.78,-6.8,-22.86,1
0,0,-7.62,1
-7.62,0,-5.08,1
17.78,0,10.16,1
5.08,9.08,7.62,1
10.16,11.34,5.08,1
7.62,6.8,7.62,1
5.08,0,5.08,1
0,9.08,-5.08,1
2.54,0,0,1
5.08,13.6,15.24,1
0,0,-2.54,1
-2.54,-4.54,-12.7,1
5.08,0,5.08,1
0,-9.08,-7.62,1
2.54,0,2.54,1
-2.54,6.8,-15.24,1
-7.62,-9.08,-12.7,1
5.08,0,10.16,1
0,6.8,5.08,1
-5.08,0,0,1
5.08,6.8,2.54,1
-5.08,0,-7.62,1
-2.54,0,-2.54,1
2.54,0,10.16,1
-7.62,-6.8,7.62,1
12.7,13.6,22.86,1
0,0,-2.54,1
-7.62,0,-10.16,1
-12.7,-11.34,-10.16,1
-2.54,-6.8,2.54,1
2.54,-2.27,0,1
0,0,5.08,1
2.54,6.8,5.08,1
10.16,13.6,2.54,1
0,0,5.08,1
0,-6.8,-7.62,1
-5.08,-6.8,-5.08,1
2.54,0,7.62,1
0,0,-5.08,1
2.54,9.08,5.08,1
5.08,6.8,12.7,1
0,0,-2.54,1
5.08,0,0,1
15.24,9.08,10.16,1
0,6.8,-5.08,1
2.54,6.8,-7.62,1
5.08,-4.54,20.32,1
-2.54,-6.8,-5.08,1
10.16,0,10.16,1
2.54,0,5.08,1
5.08,0,12.7,1
2.54,0,2.54,1
0,0,5.08,1
2.54,0,-2.54,1
2.54,6.8,0,1
0,-9.08,10.16,1
-2.54,0,-5.08,1
0,11.34,-5.08,1
7.62,9.08,0,1
5.08,0,7.62,1
-12.7,-11.34,-7.62,1
5.08,0,5.08,1
-2.54,0,10.16,1
7.62,6.8,15.24,1
10.16,15.88,-2.54,1
0,0,7.62,1
-5.08,-6.8,-7.62,1
2.54,6.8,0,1
5.08,0,5.08,1
2.54,9.08,2.54,1
0,0,-12.7,1
-7.62,0,-10.16,1
-2.54,0,5.08,1
0,6.8,-2.54,1
-12.7,-0.45,-2.54,1
7.62,6.8,5.08,1
0,11.34,10.16,1
-2.54,6.8,2.54,1
-2.54,0,5.08,1
7.62,0,5.08,1
5.08,0,5.08,1
-2.54,-9.08,-2.54,1
0,-6.8,-7.62,1
2.54,6.8,10.16,1
10.16,0,0,1
0,15.88,-2.54,1
0,0,5.08,1
7.62,6.8,5.08,1
0,0,15.24,1
-5.08,0,2.54,1
7.62,15.87,7.62,1
2.54,0,-7.62,1
-2.54,0,2.54,1
-2.54,0,-2.54,1
7.62,0,2.54,1
7.62,6.8,15.24,1
2.54,0,5.08,1
7.62,6.8,5.08,1
0,0,2.54,1
5.08,0,5.08,1
2.54,0,2.54,1
7.62,-6.8,5.08,1
-5.08,0,-5.08,1
5.08,9.08,5.08,1
-5.08,0,-7.62,1
7.62,6.8,12.7,1
5.08,20.41,7.62,1
-7.62,-9.08,-7.62,1
-5.08,-4.54,0,1
5.08,0,0,1
7.62,6.8,5.08,1
7.62,0,0,1
-5.08,-4.54,-5.08,1
-7.62,6.8,-12.7,1
0,0,-7.62,1
0,6.8,0,1
7.62,9.08,0,1
0,-4.54,0,1
5.08,9.08,7.62,1
0,-6.8,-2.54,1
12.7,-19.05,5.08,1
10.16,0,0,1
-2.54,-9.08,-5.08,1
2.54,-9.08,0,1
2.54,9.08,2.54,1
